Día;Altas nuevos usuarios activos ab. anual sin ttp día;Altas nuevos usuarios activos ab. anual con ttp día;Altas nuevos usuarios activos ab. anual total día;;Usuarios activos ab. anual sin ttp acumulado desde inicio;Usuarios activos ab. anual con ttp acumulado desde inicio;Usuarios activos ab. anual total acumulado desde inicio;;;;;;;;;
6/23/14;47;44;91;;47;44;91;;;;;;;;;
6/24/14;21;19;40;;68;63;131;;;;;;;;;
6/25/14;193;180;373;;261;243;504;;;;;;;;;
6/26/14;150;113;263;;411;356;767;;;;;;;;;
6/27/14;185;155;340;;596;511;1107;;;;;;;;;
6/28/14;153;132;285;;749;643;1392;;;;;;;;;
6/29/14;144;128;272;;893;771;1664;;;;;;;;;
6/30/14;201;159;360;;1094;930;2024;;;;;;;;;
7/1/14;166;164;330;;1260;1094;2354;;;;;;;;;
7/2/14;137;119;256;;1397;1213;2610;;;;;;;;;
7/3/14;85;73;158;;1482;1286;2768;;;;;;;;;
7/4/14;163;142;305;;1645;1428;3073;;;;;;;;;
7/5/14;236;155;391;;1881;1583;3464;;;;;;;;;
7/6/14;215;138;353;;2096;1721;3817;;;;;;;;;
7/7/14;223;156;379;;2319;1877;4196;;;;;;;;;
7/8/14;184;147;331;;2503;2024;4527;;;;;;;;;
7/9/14;153;113;266;;2656;2137;4793;;;;;;;;;
7/10/14;117;108;225;;2773;2245;5018;;;;;;;;;
7/11/14;141;119;260;;2914;2364;5278;;;;;;;;;
7/12/14;173;122;295;;3087;2486;5573;;;;;;;;;
7/13/14;148;125;273;;3235;2611;5846;;;;;;;;;
7/14/14;117;113;230;;3352;2724;6076;;;;;;;;;
7/15/14;136;90;226;;3488;2814;6302;;;;;;;;;
7/16/14;92;100;192;;3580;2914;6494;;;;;;;;;
7/17/14;95;90;185;;3675;3004;6679;;;;;;;;;
7/18/14;103;72;175;;3778;3076;6854;;;;;;;;;
7/19/14;138;118;256;;3916;3194;7110;;;;;;;;;
7/20/14;142;104;246;;4058;3298;7356;;;;;;;;;
7/21/14;106;72;178;;4164;3370;7534;;;;;;;;;
7/22/14;77;78;155;;4241;3448;7689;;;;;;;;;
7/23/14;79;83;162;;4320;3531;7851;;;;;;;;;
7/24/14;104;71;175;;4424;3602;8026;;;;;;;;;
7/25/14;90;65;155;;4514;3667;8181;;;;;;;;;
7/26/14;93;61;154;;4607;3728;8335;;;;;;;;;
7/27/14;86;57;143;;4693;3785;8478;;;;;;;;;
7/28/14;64;62;126;;4757;3847;8604;;;;;;;;;
7/29/14;66;63;129;;4823;3910;8733;;;;;;;;;
7/30/14;75;73;148;;4898;3983;8881;;;;;;;;;
7/31/14;74;62;136;;4972;4045;9017;;;;;;;;;
8/1/14;56;59;115;;5028;4104;9132;;;;;;;;;
8/2/14;113;102;215;;5141;4206;9347;;;;;;;;;
8/3/14;121;73;194;;5262;4279;9541;;;;;;;;;
8/4/14;75;64;139;;5337;4343;9680;;;;;;;;;
8/5/14;90;63;153;;5427;4406;9833;;;;;;;;;
8/6/14;66;47;113;;5493;4453;9946;;;;;;;;;
8/7/14;61;56;117;;5554;4509;10.063;;;;;;;;;
8/8/14;51;63;114;;5605;4572;10.177;;;;;;;;;
8/9/14;84;85;169;;5689;4657;10.346;;;;;;;;;
8/10/14;80;82;162;;5769;4739;10.508;;;;;;;;;
8/11/14;56;58;114;;5825;4797;10.622;;;;;;;;;
8/12/14;61;78;139;;5886;4875;10.761;;;;;;;;;
8/13/14;63;61;124;;5949;4936;10.885;;;;;;;;;
8/14/14;62;50;112;;6011;4986;10.997;;;;;;;;;
8/15/14;67;49;116;;6078;5035;11.113;;;;;;;;;
8/16/14;62;59;121;;6140;5094;11.234;;;;;;;;;
8/17/14;76;52;128;;6216;5146;11.362;;;;;;;;;
8/18/14;66;63;129;;6282;5209;11.491;;;;;;;;;
8/19/14;67;52;119;;6349;5261;11.610;;;;;;;;;
8/20/14;77;83;160;;6426;5344;11.770;;;;;;;;;
8/21/14;79;58;137;;6505;5402;11.907;;;;;;;;;
8/22/14;58;62;120;;6563;5464;12.027;;;;;;;;;
8/23/14;92;79;171;;6655;5543;12.198;;;;;;;;;
8/24/14;110;75;185;;6765;5618;12.383;;;;;;;;;
8/25/14;57;66;123;;6822;5684;12.506;;;;;;;;;
8/26/14;71;75;146;;6893;5759;12.652;;;;;;;;;
8/27/14;77;80;157;;6970;5839;12.809;;;;;;;;;
8/28/14;80;67;147;;7050;5906;12.956;;;;;;;;;
8/29/14;83;78;161;;7133;5984;13.117;;;;;;;;;
8/30/14;92;89;181;;7225;6073;13.298;;;;;;;;;
8/31/14;111;86;197;;7336;6159;13.495;;;;;;;;;
9/1/14;112;86;198;;7448;6245;13.693;;;;;;;;;
9/2/14;105;68;173;;7553;6313;13.866;;;;;;;;;
9/3/14;94;73;167;;7647;6386;14.033;;;;;;;;;
9/4/14;94;77;171;;7741;6463;14.204;;;;;;;;;
9/5/14;95;43;138;;7836;6506;14.342;;;;;;;;;
9/6/14;148;97;245;;7984;6603;14.587;;;;;;;;;
9/7/14;156;96;252;;8140;6699;14.839;;;;;;;;;
9/8/14;101;95;196;;8241;6794;15.035;;;;;;;;;
9/9/14;107;72;179;;8348;6866;15.214;;;;;;;;;
9/10/14;55;38;93;;8403;6904;15.307;;;;;;;;;
9/11/14;86;61;147;;8489;6965;15.454;;;;;;;;;
9/12/14;98;68;166;;8587;7033;15.620;;;;;;;;;
9/13/14;129;95;224;;8716;7128;15.844;;;;;;;;;
9/14/14;155;102;257;;8871;7230;16.101;;;;;;;;;
9/15/14;124;89;213;;8995;7319;16.314;;;;;;;;;
9/16/14;94;82;176;;9089;7401;16.490;;;;;;;;;
9/17/14;79;83;162;;9168;7484;16.652;;;;;;;;;
9/18/14;101;57;158;;9269;7541;16.810;;;;;;;;;
9/19/14;69;79;148;;9338;7620;16.958;;;;;;;;;
9/20/14;127;97;224;;9465;7717;17.182;;;;;;;;;
9/21/14;145;104;249;;9610;7821;17.431;;;;;;;;;
9/22/14;94;60;154;;9704;7881;17.585;;;;;;;;;
9/23/14;97;87;184;;9801;7968;17.769;;;;;;;;;
9/24/14;77;69;146;;9878;8037;17.915;;;;;;;;;
9/25/14;80;77;157;;9958;8114;18.072;;;;;;;;;
9/26/14;69;66;135;;10.027;8180;18.207;;;;;;;;;
9/27/14;101;81;182;;10.128;8261;18.389;;;;;;;;;
9/28/14;103;59;162;;10.231;8320;18.551;;;;;;;;;
9/29/14;77;63;140;;10.308;8383;18.691;;;;;;;;;
9/30/14;88;66;154;;10.396;8449;18.845;;;;;;;;;
10/1/14;69;66;135;;10.465;8515;18.980;;;;;;;;;
10/2/14;74;74;148;;10.539;8589;19.128;;;;;;;;;
10/3/14;79;73;152;;10.618;8662;19.280;;;;;;;;;
10/4/14;133;108;241;;10.751;8770;19.521;;;;;;;;;
10/5/14;115;99;214;;10.866;8869;19.735;;;;;;;;;
10/6/14;75;85;160;;10.941;8954;19.895;;;;;;;;;
10/7/14;65;62;127;;11.006;9016;20.022;;;;;;;;;
10/8/14;66;50;116;;11.072;9066;20.138;;;;;;;;;
10/9/14;22;25;47;;11.094;9091;20.185;;;;;;;;;
10/10/14;56;36;92;;11.150;9127;20.277;;;;;;;;;
10/11/14;75;62;137;;11.225;9189;20.414;;;;;;;;;
10/12/14;80;57;137;;11.305;9246;20.551;;;;;;;;;
10/13/14;44;37;81;;11.349;9283;20.632;;;;;;;;;
10/14/14;32;29;61;;11.381;9312;20.693;;;;;;;;;
10/15/14;42;46;88;;11.423;9358;20.781;;;;;;;;;
10/16/14;41;51;92;;11.464;9409;20.873;;;;;;;;;
10/17/14;66;46;112;;11.530;9455;20.985;;;;;;;;;
10/18/14;102;90;192;;11.632;9545;21.177;;;;;;;;;
10/19/14;134;93;227;;11.766;9638;21.404;;;;;;;;;
10/20/14;69;56;125;;11.835;9694;21.529;;;;;;;;;
10/21/14;75;63;138;;11.910;9757;21.667;;;;;;;;;
10/22/14;65;60;125;;11.975;9817;21.792;;;;;;;;;
10/23/14;60;60;120;;12.035;9877;21.912;;;;;;;;;
10/24/14;78;72;150;;12.113;9949;22.062;;;;;;;;;
10/25/14;90;86;176;;12.203;10.035;22.238;;;;;;;;;
10/26/14;120;104;224;;12.323;10.139;22.462;;;;;;;;;
10/27/14;54;57;111;;12.377;10.196;22.573;;;;;;;;;
10/28/14;60;62;122;;12.437;10.258;22.695;;;;;;;;;
10/29/14;70;53;123;;12.507;10.311;22.818;;;;;;;;;
10/30/14;59;65;124;;12.566;10.376;22.942;;;;;;;;;
10/31/14;53;80;133;;12.619;10.456;23.075;;;;;;;;;
11/1/14;119;102;221;;12.738;10.558;23.296;;;;;;;;;
11/2/14;99;75;174;;12.837;10.633;23.470;;;;;;;;;
11/3/14;26;32;58;;12.863;10.665;23.528;;;;;;;;;
11/4/14;31;29;60;;12.894;10.694;23.588;;;;;;;;;
11/5/14;45;34;79;;12.939;10.728;23.667;;;;;;;;;
11/6/14;42;49;91;;12.981;10.777;23.758;;;;;;;;;
11/7/14;34;54;88;;13.015;10.831;23.846;;;;;;;;;
11/8/14;49;51;100;;13.064;10.882;23.946;;;;;;;;;
11/9/14;67;61;128;;13.131;10.943;24.074;;;;;;;;;
11/10/14;59;67;126;;13.190;11.010;24.200;;;;;;;;;
11/11/14;30;24;54;;13.220;11.034;24.254;;;;;;;;;
11/12/14;36;28;64;;13.256;11.062;24.318;;;;;;;;;
11/13/14;29;28;57;;13.285;11.090;24.375;;;;;;;;;
11/14/14;5;10;15;;13.290;11.100;24.390;;;;;;;;;
11/15/14;39;47;86;;13.329;11.147;24.476;;;;;;;;;
11/16/14;45;58;103;;13.374;11.205;24.579;;;;;;;;;
11/17/14;29;43;72;;13.403;11.248;24.651;;;;;;;;;
11/18/14;33;28;61;;13.436;11.276;24.712;;;;;;;;;
11/19/14;28;43;71;;13.464;11.319;24.783;;;;;;;;;
11/20/14;31;40;71;;13.495;11.359;24.854;;;;;;;;;
11/21/14;29;46;75;;13.524;11.405;24.929;;;;;;;;;
11/22/14;51;50;101;;13.575;11.455;25.030;;;;;;;;;
11/23/14;26;41;67;;13.601;11.496;25.097;;;;;;;;;
11/24/14;41;30;71;;13.642;11.526;25.168;;;;;;;;;
11/25/14;31;25;56;;13.673;11.551;25.224;;;;;;;;;
11/26/14;30;33;63;;13.703;11.584;25.287;;;;;;;;;
11/27/14;24;19;43;;13.727;11.603;25.330;;;;;;;;;
11/28/14;18;18;36;;13.745;11.621;25.366;;;;;;;;;
11/29/14;32;36;68;;13.777;11.657;25.434;;;;;;;;;
11/30/14;45;50;95;;13.822;11.707;25.529;;;;;;;;;
12/1/14;44;35;79;;13.866;11.742;25.608;;;;;;;;;
12/2/14;42;41;83;;13.908;11.783;25.691;;;;;;;;;
12/3/14;37;49;86;;13.945;11.832;25.777;;;;;;;;;
12/4/14;37;42;79;;13.982;11.874;25.856;;;;;;;;;
12/5/14;23;60;83;;14.005;11.934;25.939;;;;;;;;;
12/6/14;43;42;85;;14.048;11.976;26.024;;;;;;;;;
12/7/14;40;45;85;;14.088;12.021;26.109;;;;;;;;;
12/8/14;44;29;73;;14.132;12.050;26.182;;;;;;;;;
12/9/14;39;29;68;;14.171;12.079;26.250;;;;;;;;;
12/10/14;43;42;85;;14.214;12.121;26.335;;;;;;;;;
12/11/14;36;28;64;;14.250;12.149;26.399;;;;;;;;;
12/12/14;37;33;70;;14.287;12.182;26.469;;;;;;;;;
12/13/14;39;22;61;;14.326;12.204;26.530;;;;;;;;;
12/14/14;16;23;39;;14.342;12.227;26.569;;;;;;;;;
12/15/14;29;34;63;;14.371;12.261;26.632;;;;;;;;;
12/16/14;25;37;62;;14.396;12.298;26.694;;;;;;;;;
12/17/14;20;16;36;;14.416;12.314;26.730;;;;;;;;;
12/18/14;45;32;77;;14.461;12.346;26.807;;;;;;;;;
12/19/14;47;44;91;;14.508;12.390;26.898;;;;;;;;;
12/20/14;42;46;88;;14.550;12.436;26.986;;;;;;;;;
12/21/14;74;48;122;;14.624;12.484;27.108;;;;;;;;;
12/22/14;49;39;88;;14.673;12.523;27.196;;;;;;;;;
12/23/14;35;31;66;;14.708;12.554;27.262;;;;;;;;;
12/24/14;18;16;34;;14.726;12.570;27.296;;;;;;;;;
12/25/14;24;16;40;;14.750;12.586;27.336;;;;;;;;;
12/26/14;22;27;49;;14.772;12.613;27.385;;;;;;;;;
12/27/14;27;19;46;;14.799;12.632;27.431;;;;;;;;;
12/28/14;24;17;41;;14.823;12.649;27.472;;;;;;;;;
12/29/14;14;10;24;;14.837;12.659;27.496;;;;;;;;;
12/30/14;29;24;53;;14.866;12.683;27.549;;;;;;;;;
12/31/14;15;16;31;;14.881;12.699;27.580;;;;;;;;;
1/1/15;29;21;50;;14.910;12.720;27.630;;;;;;;;;
1/2/15;35;31;66;;14.945;12.751;27.696;;;;;;;;;
1/3/15;36;30;66;;14.981;12.781;27.762;;;;;;;;;
1/4/15;37;43;80;;15.018;12.824;27.842;;;;;;;;;
1/5/15;53;36;89;;15.071;12.860;27.931;;;;;;;;;
1/6/15;33;34;67;;15.104;12.894;27.998;;;;;;;;;
1/7/15;44;36;80;;15.148;12.930;28.078;;;;;;;;;
1/8/15;34;38;72;;15.182;12.968;28.150;;;;;;;;;
1/9/15;38;34;72;;15.220;13.002;28.222;;;;;;;;;
1/10/15;59;52;111;;15.279;13.054;28.333;;;;;;;;;
1/11/15;54;40;94;;15.333;13.094;28.427;;;;;;;;;
1/12/15;31;26;57;;15.364;13.120;28.484;;;;;;;;;
1/13/15;28;39;67;;15.392;13.159;28.551;;;;;;;;;
1/14/15;27;30;57;;15.419;13.189;28.608;;;;;;;;;
1/15/15;28;16;44;;15.447;13.205;28.652;;;;;;;;;
1/16/15;18;38;56;;15.465;13.243;28.708;;;;;;;;;
1/17/15;32;36;68;;15.497;13.279;28.776;;;;;;;;;
1/18/15;18;18;36;;15.515;13.297;28.812;;;;;;;;;
1/19/15;19;21;40;;15.534;13.318;28.852;;;;;;;;;
1/20/15;13;20;33;;15.547;13.338;28.885;;;;;;;;;
1/21/15;22;14;36;;15.569;13.352;28.921;;;;;;;;;
1/22/15;20;19;39;;15.589;13.371;28.960;;;;;;;;;
1/23/15;20;32;52;;15.609;13.403;29.012;;;;;;;;;
1/24/15;43;36;79;;15.652;13.439;29.091;;;;;;;;;
1/25/15;37;37;74;;15.689;13.476;29.165;;;;;;;;;
1/26/15;29;24;53;;15.718;13.500;29.218;;;;;;;;;
1/27/15;29;22;51;;15.747;13.522;29.269;;;;;;;;;
1/28/15;25;25;50;;15.772;13.547;29.319;;;;;;;;;
1/29/15;23;23;46;;15.795;13.570;29.365;;;;;;;;;
1/30/15;26;19;45;;15.821;13.589;29.410;;;;;;;;;
1/31/15;19;23;42;;15.840;13.612;29.452;;;;;;;;;
2/1/15;25;29;54;;15.865;13.641;29.506;;;;;;;;;
2/2/15;13;24;37;;15.878;13.665;29.543;;;;;;;;;
2/3/15;18;22;40;;15.896;13.687;29.583;;;;;;;;;
2/4/15;15;21;36;;15.911;13.708;29.619;;;;;;;;;
2/5/15;12;16;28;;15.923;13.724;29.647;;;;;;;;;
2/6/15;19;19;38;;15.942;13.743;29.685;;;;;;;;;
2/7/15;16;17;33;;15.958;13.760;29.718;;;;;;;;;
2/8/15;29;27;56;;15.987;13.787;29.774;;;;;;;;;
2/9/15;22;20;42;;16.009;13.807;29.816;;;;;;;;;
2/10/15;23;16;39;;16.032;13.823;29.855;;;;;;;;;
2/11/15;16;22;38;;16.048;13.845;29.893;;;;;;;;;
2/12/15;22;17;39;;16.070;13.862;29.932;;;;;;;;;
2/13/15;32;26;58;;16.102;13.888;29.990;;;;;;;;;
2/14/15;37;35;72;;16.139;13.923;30.062;;;;;;;;;
2/15/15;33;30;63;;16.172;13.953;30.125;;;;;;;;;
2/16/15;23;21;44;;16.195;13.974;30.169;;;;;;;;;
2/17/15;20;25;45;;16.215;13.999;30.214;;;;;;;;;
2/18/15;17;35;52;;16.232;14.034;30.266;;;;;;;;;
2/19/15;14;29;43;;16.246;14.063;30.309;;;;;;;;;
2/20/15;22;28;50;;16.268;14.091;30.359;;;;;;;;;
2/21/15;37;48;85;;16.305;14.139;30.444;;;;;;;;;
2/22/15;41;53;94;;16.346;14.192;30.538;;;;;;;;;
2/23/15;21;30;51;;16.367;14.222;30.589;;;;;;;;;
2/24/15;10;22;32;;16.377;14.244;30.621;;;;;;;;;
2/25/15;27;26;53;;16.404;14.270;30.674;;;;;;;;;
2/26/15;16;19;35;;16.420;14.289;30.709;;;;;;;;;
2/27/15;23;31;54;;16.443;14.320;30.763;;;;;;;;;
2/28/15;55;38;93;;16.498;14.358;30.856;;;;;;;;;
3/1/15;63;55;118;;16.561;14.413;30.974;;;;;;;;;
3/2/15;34;41;75;;16.595;14.454;31.049;;;;;;;;;
3/3/15;35;29;64;;16.630;14.483;31.113;;;;;;;;;
3/4/15;50;45;95;;16.680;14.528;31.208;;;;;;;;;
3/5/15;32;44;76;;16.712;14.572;31.284;;;;;;;;;
3/6/15;41;46;87;;16.753;14.618;31.371;;;;;;;;;
3/7/15;80;88;168;;16.833;14.706;31.539;;;;;;;;;
3/8/15;65;87;152;;16.898;14.793;31.691;;;;;;;;;
3/9/15;43;47;90;;16.941;14.840;31.781;;;;;;;;;
3/10/15;39;49;88;;16.980;14.889;31.869;;;;;;;;;
3/11/15;42;62;104;;17.022;14.951;31.973;;;;;;;;;
3/12/15;41;66;107;;17.063;15.017;32.080;;;;;;;;;
3/13/15;41;55;96;;17.104;15.072;32.176;;;;;;;;;
3/14/15;56;69;125;;17.160;15.141;32.301;;;;;;;;;
3/15/15;41;48;89;;17.201;15.189;32.390;;;;;;;;;
3/16/15;39;37;76;;17.240;15.226;32.466;;;;;;;;;
3/17/15;18;39;57;;17.258;15.265;32.523;;;;;;;;;
3/18/15;18;15;33;;17.276;15.280;32.556;;;;;;;;;
3/19/15;30;32;62;;17.306;15.312;32.618;;;;;;;;;
3/20/15;19;22;41;;17.325;15.334;32.659;;;;;;;;;
3/21/15;14;33;47;;17.339;15.367;32.706;;;;;;;;;
3/22/15;17;32;49;;17.356;15.399;32.755;;;;;;;;;
3/23/15;4;12;16;;17.360;15.411;32.771;;;;;;;;;
3/24/15;22;26;48;;17.382;15.437;32.819;;;;;;;;;
3/25/15;19;25;44;;17.401;15.462;32.863;;;;;;;;;
3/26/15;18;27;45;;17.419;15.489;32.908;;;;;;;;;
3/27/15;42;45;87;;17.461;15.534;32.995;;;;;;;;;
3/28/15;79;74;153;;17.540;15.608;33.148;;;;;;;;;
3/29/15;60;79;139;;17.600;15.687;33.287;;;;;;;;;
3/30/15;37;64;101;;17.637;15.751;33.388;;;;;;;;;
3/31/15;42;65;107;;17.679;15.816;33.495;;;;;;;;;
4/1/15;40;64;104;;17.719;15.880;33.599;;;;;;;;;
4/2/15;55;77;132;;17.774;15.957;33.731;;;;;;;;;
4/3/15;50;63;113;;17.824;16.020;33.844;;;;;;;;;
4/4/15;55;82;137;;17.879;16.102;33.981;;;;;;;;;
4/5/15;78;87;165;;17.957;16.189;34.146;;;;;;;;;
4/6/15;41;80;121;;17.998;16.269;34.267;;;;;;;;;
4/7/15;60;53;113;;18.058;16.322;34.380;;;;;;;;;
4/8/15;52;62;114;;18.110;16.384;34.494;;;;;;;;;
4/9/15;24;37;61;;18.134;16.421;34.555;;;;;;;;;
4/10/15;42;53;95;;18.176;16.474;34.650;;;;;;;;;
4/11/15;72;79;151;;18.248;16.553;34.801;;;;;;;;;
4/12/15;79;77;156;;18.327;16.630;34.957;;;;;;;;;
4/13/15;49;62;111;;18.376;16.692;35.068;;;;;;;;;
4/14/15;41;50;91;;18.417;16.742;35.159;;;;;;;;;
4/15/15;30;41;71;;18.447;16.783;35.230;;;;;;;;;
4/16/15;38;45;83;;18.485;16.828;35.313;;;;;;;;;
4/17/15;53;55;108;;18.538;16.883;35.421;;;;;;;;;
4/18/15;64;80;144;;18.602;16.963;35.565;;;;;;;;;
4/19/15;83;74;157;;18.685;17.037;35.722;;;;;;;;;
4/20/15;48;42;90;;18.733;17.079;35.812;;;;;;;;;
4/21/15;43;55;98;;18.776;17.134;35.910;;;;;;;;;
4/22/15;38;48;86;;18.814;17.182;35.996;;;;;;;;;
4/23/15;34;44;78;;18.848;17.226;36.074;;;;;;;;;
4/24/15;49;49;98;;18.897;17.275;36.172;;;;;;;;;
4/25/15;57;91;148;;18.954;17.366;36.320;;;;;;;;;
4/26/15;25;32;57;;18.979;17.398;36.377;;;;;;;;;
4/27/15;39;47;86;;19.018;17.445;36.463;;;;;;;;;
4/28/15;37;45;82;;19.055;17.490;36.545;;;;;;;;;
4/29/15;56;50;106;;19.111;17.540;36.651;;;;;;;;;
4/30/15;28;54;82;;19.139;17.594;36.733;;;;;;;;;
5/1/15;91;108;199;;19.230;17.702;36.932;;;;;;;;;
5/2/15;74;87;161;;19.304;17.789;37.093;;;;;;;;;
5/3/15;55;70;125;;19.359;17.859;37.218;;;;;;;;;
5/4/15;48;59;107;;19.407;17.918;37.325;;;;;;;;;
5/5/15;47;51;98;;19.454;17.969;37.423;;;;;;;;;
5/6/15;53;74;127;;19.507;18.043;37.550;;;;;;;;;
5/7/15;55;68;123;;19.562;18.111;37.673;;;;;;;;;
5/8/15;72;73;145;;19.634;18.184;37.818;;;;;;;;;
5/9/15;105;83;188;;19.739;18.267;38.006;;;;;;;;;
5/10/15;104;108;212;;19.843;18.375;38.218;;;;;;;;;
5/11/15;55;65;120;;19.898;18.440;38.338;;;;;;;;;
5/12/15;67;71;138;;19.965;18.511;38.476;;;;;;;;;
5/13/15;58;62;120;;20.023;18.573;38.596;;;;;;;;;
5/14/15;59;65;124;;20.082;18.638;38.720;;;;;;;;;
5/15/15;77;102;179;;20.159;18.740;38.899;;;;;;;;;
5/16/15;69;76;145;;20.228;18.816;39.044;;;;;;;;;
5/17/15;88;76;164;;20.316;18.892;39.208;;;;;;;;;
5/18/15;48;67;115;;20.364;18.959;39.323;;;;;;;;;
5/19/15;45;84;129;;20.409;19.043;39.452;;;;;;;;;
5/20/15;43;65;108;;20.452;19.108;39.560;;;;;;;;;
5/21/15;38;42;80;;20.490;19.150;39.640;;;;;;;;;
5/22/15;53;68;121;;20.543;19.218;39.761;;;;;;;;;
5/23/15;84;80;164;;20.627;19.298;39.925;;;;;;;;;
5/24/15;87;71;158;;20.714;19.369;40.083;;;;;;;;;
5/25/15;48;58;106;;20.762;19.427;40.189;;;;;;;;;
5/26/15;53;68;121;;20.815;19.495;40.310;;;;;;;;;
5/27/15;60;68;128;;20.875;19.563;40.438;;;;;;;;;
5/28/15;47;58;105;;20.922;19.621;40.543;;;;;;;;;
5/29/15;52;79;131;;20.974;19.700;40.674;;;;;;;;;
5/30/15;68;86;154;;21.042;19.786;40.828;;;;;;;;;
5/31/15;107;121;228;;21.149;19.907;41.056;;;;;;;;;
6/1/15;61;84;145;;21.210;19.991;41.201;;;;;;;;;
6/2/15;77;95;172;;21.287;20.086;41.373;;;;;;;;;
6/3/15;89;108;197;;21.376;20.194;41.570;;;;;;;;;
6/4/15;107;118;225;;21.483;20.312;41.795;;;;;;;;;
6/5/15;67;99;166;;21.550;20.411;41.961;;;;;;;;;
6/6/15;76;90;166;;21.626;20.501;42.127;;;;;;;;;
6/7/15;75;108;183;;21.701;20.609;42.310;;;;;;;;;
6/8/15;70;70;140;;21.771;20.679;42.450;;;;;;;;;
6/9/15;72;78;150;;21.843;20.757;42.600;;;;;;;;;
6/10/15;71;92;163;;21.914;20.849;42.763;;;;;;;;;
6/11/15;55;69;124;;21.969;20.918;42.887;;;;;;;;;
6/12/15;-25;-2;-27;;21.944;20.916;42.860;;;;;;;;;
6/13/15;110;98;208;;22.054;21.014;43.068;;;;;;;;;
6/14/15;94;87;181;;22.148;21.101;43.249;;;;;;;;;
6/15/15;57;65;122;;22.205;21.166;43.371;;;;;;;;;
6/16/15;59;74;133;;22.264;21.240;43.504;;;;;;;;;
6/17/15;70;88;158;;22.334;21.328;43.662;;;;;;;;;
6/18/15;90;98;188;;22.424;21.426;43.850;;;;;;;;;
6/19/15;93;93;186;;22.517;21.519;44.036;;;;;;;;;
6/20/15;91;104;195;;22.608;21.623;44.231;;;;;;;;;
6/21/15;104;110;214;;22.712;21.733;44.445;;;;;;;;;
6/22/15;108;92;200;;22.820;21.825;44.645;;;;;;;;;
6/23/15;72;74;146;;22.892;21.899;44.791;;;;;;;;;
6/24/15;94;100;194;;22.986;21.999;44.985;;;;;;;;;
6/25/15;74;100;174;;23.060;22.099;45.159;;;;;;;;;
6/26/15;72;102;174;;23.132;22.201;45.333;;;;;;;;;
6/27/15;70;105;175;;23.202;22.306;45.508;;;;;;;;;
6/28/15;71;87;158;;23.273;22.393;45.666;;;;;;;;;
6/29/15;104;114;218;;23.377;22.507;45.884;;;;;;;;;
6/30/15;96;101;197;;23.473;22.608;46.081;;;;;;;;;
7/1/15;102;110;212;;23.575;22.718;46.293;;;;;;;;;
7/2/15;99;104;203;;23.674;22.822;46.496;;;;;;;;;
7/3/15;103;95;198;;23.777;22.917;46.694;;;;;;;;;
7/4/15;74;99;173;;23.851;23.016;46.867;;;;;;;;;
7/5/15;84;97;181;;23.935;23.113;47.048;;;;;;;;;
7/6/15;90;111;201;;24.025;23.224;47.249;;;;;;;;;
7/7/15;75;95;170;;24.100;23.319;47.419;;;;;;;;;
7/8/15;75;99;174;;24.175;23.418;47.593;;;;;;;;;
7/9/15;111;141;252;;24.286;23.559;47.845;;;;;;;;;
7/10/15;84;86;170;;24.370;23.645;48.015;;;;;;;;;
7/11/15;90;69;159;;24.460;23.714;48.174;;;;;;;;;
7/12/15;86;87;173;;24.546;23.801;48.347;;;;;;;;;
7/13/15;-211;-310;-521;;24.335;23.491;47.826;;;;;;;;;
7/14/15;42;-8;34;;24.377;23.483;47.860;;;;;;;;;
7/15/15;61;80;141;;24.438;23.563;48.001;;;;;;;;;
7/16/15;58;87;145;;24.496;23.650;48.146;;;;;;;;;
7/17/15;59;56;115;;24.555;23.706;48.261;;;;;;;;;
7/18/15;61;78;139;;24.616;23.784;48.400;;;;;;;;;
7/19/15;74;63;137;;24.690;23.847;48.537;;;;;;;;;
7/20/15;-790;-577;-1367;;23.900;23.270;47.170;;;;;;;;;
7/21/15;17;33;50;;23.917;23.303;47.220;;;;;;;;;
7/22/15;21;45;66;;23.938;23.348;47.286;;;;;;;;;
7/23/15;40;18;58;;23.978;23.366;47.344;;;;;;;;;
7/24/15;38;7;45;;24.016;23.373;47.389;;;;;;;;;
7/25/15;49;58;107;;24.065;23.431;47.496;;;;;;;;;
7/26/15;37;34;71;;24.102;23.465;47.567;;;;;;;;;
7/27/15;23;26;49;;24.125;23.491;47.616;;;;;;;;;
7/28/15;30;48;78;;24.155;23.539;47.694;;;;;;;;;
7/29/15;28;54;82;;24.183;23.593;47.776;;;;;;;;;
7/30/15;15;26;41;;24.198;23.619;47.817;;;;;;;;;
7/31/15;41;36;77;;24.239;23.655;47.894;;;;;;;;;
8/1/15;-18;11;-7;;24.221;23.666;47.887;;;;;;;;;
8/2/15;46;52;98;;24.267;23.718;47.985;;;;;;;;;
8/3/15;44;59;103;;24.311;23.777;48.088;;;;;;;;;
8/4/15;49;97;146;;24.360;23.874;48.234;;;;;;;;;
8/5/15;39;53;92;;24.399;23.927;48.326;;;;;;;;;
8/6/15;27;47;74;;24.426;23.974;48.400;;;;;;;;;
8/7/15;15;48;63;;24.441;24.022;48.463;;;;;;;;;
8/8/15;50;41;91;;24.491;24.063;48.554;;;;;;;;;
8/9/15;51;48;99;;24.542;24.111;48.653;;;;;;;;;
8/10/15;26;55;81;;24.568;24.166;48.734;;;;;;;;;
8/11/15;20;34;54;;24.588;24.200;48.788;;;;;;;;;
8/12/15;25;79;104;;24.613;24.279;48.892;;;;;;;;;
8/13/15;29;45;74;;24.642;24.324;48.966;;;;;;;;;
8/14/15;38;49;87;;24.680;24.373;49.053;;;;;;;;;
8/15/15;47;67;114;;24.727;24.440;49.167;;;;;;;;;
8/16/15;52;53;105;;24.779;24.493;49.272;;;;;;;;;
8/17/15;44;45;89;;24.823;24.538;49.361;;;;;;;;;
8/18/15;21;55;76;;24.844;24.593;49.437;;;;;;;;;
8/19/15;46;44;90;;24.890;24.637;49.527;;;;;;;;;
8/20/15;47;56;103;;24.937;24.693;49.630;;;;;;;;;
8/21/15;44;29;73;;24.981;24.722;49.703;;;;;;;;;
8/22/15;40;54;94;;25.021;24.776;49.797;;;;;;;;;
8/23/15;49;65;114;;25.070;24.841;49.911;;;;;;;;;
8/24/15;44;52;96;;25.114;24.893;50.007;;;;;;;;;
8/25/15;44;63;107;;25.158;24.956;50.114;;;;;;;;;
8/26/15;58;49;107;;25.216;25.005;50.221;;;;;;;;;
8/27/15;56;64;120;;25.272;25.069;50.341;;;;;;;;;
8/28/15;55;60;115;;25.327;25.129;50.456;;;;;;;;;
8/29/15;53;61;114;;25.380;25.190;50.570;;;;;;;;;
8/30/15;79;91;170;;25.459;25.281;50.740;;;;;;;;;
8/31/15;70;82;152;;25.529;25.363;50.892;;;;;;;;;
9/1/15;62;101;163;;25.591;25.464;51.055;;;;;;;;;
9/2/15;111;92;203;;25.702;25.556;51.258;;;;;;;;;
9/3/15;83;104;187;;25.785;25.660;51.445;;;;;;;;;
9/4/15;72;91;163;;25.857;25.751;51.608;;;;;;;;;
9/5/15;94;94;188;;25.951;25.845;51.796;;;;;;;;;
9/6/15;116;98;214;;26.067;25.943;52.010;;;;;;;;;
9/7/15;85;90;175;;26.152;26.033;52.185;;;;;;;;;
9/8/15;50;89;139;;26.202;26.122;52.324;;;;;;;;;
9/9/15;79;67;146;;26.281;26.189;52.470;;;;;;;;;
9/10/15;73;73;146;;26.354;26.262;52.616;;;;;;;;;
9/11/15;72;108;180;;26.426;26.370;52.796;;;;;;;;;
9/12/15;83;94;177;;26.509;26.464;52.973;;;;;;;;;
9/13/15;100;96;196;;26.609;26.560;53.169;;;;;;;;;
9/14/15;64;81;145;;26.673;26.641;53.314;;;;;;;;;
9/15/15;38;41;79;;26.711;26.682;53.393;;;;;;;;;
9/16/15;9;21;30;;26.720;26.703;53.423;;;;;;;;;
9/17/15;43;39;82;;26.763;26.742;53.505;;;;;;;;;
9/18/15;54;111;165;;26.817;26.853;53.670;;;;;;;;;
9/19/15;51;49;100;;26.868;26.902;53.770;;;;;;;;;
9/20/15;105;72;177;;26.973;26.974;53.947;;;;;;;;;
9/21/15;55;72;127;;27.028;27.046;54.074;;;;;;;;;
9/22/15;37;54;91;;27.065;27.100;54.165;;;;;;;;;
9/23/15;48;47;95;;27.113;27.147;54.260;;;;;;;;;
9/24/15;61;47;108;;27.174;27.194;54.368;;;;;;;;;
9/25/15;75;63;138;;27.249;27.257;54.506;;;;;;;;;
9/26/15;89;100;189;;27.338;27.357;54.695;;;;;;;;;
9/27/15;116;118;234;;27.454;27.475;54.929;;;;;;;;;
9/28/15;35;39;74;;27.489;27.514;55.003;;;;;;;;;
9/29/15;39;15;54;;27.528;27.529;55.057;;;;;;;;;
9/30/15;73;78;151;;27.601;27.607;55.208;;;;;;;;;
10/1/15;75;85;160;;27.676;27.692;55.368;;;;;;;;;
10/2/15;42;82;124;;27.718;27.774;55.492;;;;;;;;;
10/3/15;91;110;201;;27.809;27.884;55.693;;;;;;;;;
10/4/15;68;92;160;;27.877;27.976;55.853;;;;;;;;;
10/5/15;54;-34;20;;27.931;27.942;55.873;;;;;;;;;
10/6/15;40;33;73;;27.971;27.975;55.946;;;;;;;;;
10/7/15;88;-1;87;;28.059;27.974;56.033;;;;;;;;;
10/8/15;50;44;94;;28.109;28.018;56.127;;;;;;;;;
10/9/15;59;73;132;;28.168;28.091;56.259;;;;;;;;;
10/10/15;59;89;148;;28.227;28.180;56.407;;;;;;;;;
10/11/15;36;52;88;;28.263;28.232;56.495;;;;;;;;;
10/12/15;44;45;89;;28.307;28.277;56.584;;;;;;;;;
10/13/15;25;19;44;;28.332;28.296;56.628;;;;;;;;;
10/14/15;36;33;69;;28.368;28.329;56.697;;;;;;;;;
10/15/15;31;46;77;;28.399;28.375;56.774;;;;;;;;;
10/16/15;33;50;83;;28.432;28.425;56.857;;;;;;;;;
10/17/15;37;60;97;;28.469;28.485;56.954;;;;;;;;;
10/18/15;32;40;72;;28.501;28.525;57.026;;;;;;;;;
10/19/15;15;18;33;;28.516;28.543;57.059;;;;;;;;;
10/20/15;9;29;38;;28.525;28.572;57.097;;;;;;;;;
10/21/15;34;39;73;;28.559;28.611;57.170;;;;;;;;;
10/22/15;38;22;60;;28.597;28.633;57.230;;;;;;;;;
10/23/15;18;29;47;;28.615;28.662;57.277;;;;;;;;;
10/24/15;54;44;98;;28.669;28.706;57.375;;;;;;;;;
10/25/15;42;47;89;;28.711;28.753;57.464;;;;;;;;;
10/26/15;56;-7;49;;28.767;28.746;57.513;;;;;;;;;
10/27/15;111;96;207;;28.878;28.842;57.720;;;;;;;;;
10/28/15;-62;-40;-102;;28.816;28.802;57.618;;;;;;;;;
10/29/15;-3;20;17;;28.813;28.822;57.635;;;;;;;;;
10/30/15;17;36;53;;28.830;28.858;57.688;;;;;;;;;
10/31/15;53;38;91;;28.883;28.896;57.779;;;;;;;;;
11/1/15;44;40;84;;28.927;28.936;57.863;;;;;;;;;
11/2/15;-20;6;-14;;28.907;28.942;57.849;;;;;;;;;
11/3/15;-7;-13;-20;;28.900;28.929;57.829;;;;;;;;;
11/4/15;11;27;38;;28.911;28.956;57.867;;;;;;;;;
11/5/15;18;22;40;;28.929;28.978;57.907;;;;;;;;;
11/6/15;16;58;74;;28.945;29.036;57.981;;;;;;;;;
11/7/15;49;37;86;;28.994;29.073;58.067;;;;;;;;;
11/8/15;33;52;85;;29.027;29.125;58.152;;;;;;;;;
11/9/15;51;70;121;;29.078;29.195;58.273;;;;;;;;;
11/10/15;30;13;43;;29.108;29.208;58.316;;;;;;;;;
11/11/15;39;31;70;;29.147;29.239;58.386;;;;;;;;;
11/12/15;44;52;96;;29.191;29.291;58.482;;;;;;;;;
11/13/15;50;61;111;;29.241;29.352;58.593;;;;;;;;;
11/14/15;60;73;133;;29.301;29.425;58.726;;;;;;;;;
11/15/15;54;69;123;;29.355;29.494;58.849;;;;;;;;;
11/16/15;47;33;80;;29.402;29.527;58.929;;;;;;;;;
11/17/15;16;16;32;;29.418;29.543;58.961;;;;;;;;;
11/18/15;19;16;35;;29.437;29.559;58.996;;;;;;;;;
11/19/15;18;33;51;;29.455;29.592;59.047;;;;;;;;;
11/20/15;16;55;71;;29.471;29.647;59.118;;;;;;;;;
11/21/15;30;30;60;;29.501;29.677;59.178;;;;;;;;;
11/22/15;52;27;79;;29.553;29.704;59.257;;;;;;;;;
11/23/15;25;27;52;;29.578;29.731;59.309;;;;;;;;;
11/24/15;-8;-15;-23;;29.570;29.716;59.286;;;;;;;;;
11/25/15;13;0;13;;29.583;29.716;59.299;;;;;;;;;
11/26/15;5;13;18;;29.588;29.729;59.317;;;;;;;;;
11/27/15;28;25;53;;29.616;29.754;59.370;;;;;;;;;
11/28/15;33;34;67;;29.649;29.788;59.437;;;;;;;;;
11/29/15;36;31;67;;29.685;29.819;59.504;;;;;;;;;
11/30/15;7;4;11;;29.692;29.823;59.515;;;;;;;;;
12/1/15;13;3;16;;29.705;29.826;59.531;;;;;;;;;
12/2/15;9;19;28;;29.714;29.845;59.559;;;;;;;;;
12/3/15;17;48;65;;29.731;29.893;59.624;;;;;;;;;
12/4/15;33;37;70;;29.764;29.930;59.694;;;;;;;;;
12/5/15;28;50;78;;29.792;29.980;59.772;;;;;;;;;
12/6/15;57;49;106;;29.849;30.029;59.878;;;;;;;;;
12/7/15;33;13;46;;29.882;30.042;59.924;;;;;;;;;
12/8/15;37;35;72;;29.919;30.077;59.996;;;;;;;;;
12/9/15;13;38;51;;29.932;30.115;60.047;;;;;;;;;
12/10/15;22;15;37;;29.954;30.130;60.084;;;;;;;;;
12/11/15;15;35;50;;29.969;30.165;60.134;;;;;;;;;
12/12/15;29;41;70;;29.998;30.206;60.204;;;;;;;;;
12/13/15;22;13;35;;30.020;30.219;60.239;;;;;;;;;
12/14/15;11;23;34;;30.031;30.242;60.273;;;;;;;;;
12/15/15;16;29;45;;30.047;30.271;60.318;;;;;;;;;
12/16/15;-4;8;4;;30.043;30.279;60.322;;;;;;;;;
12/17/15;-2;23;21;;30.041;30.302;60.343;;;;;;;;;
12/18/15;-2;29;27;;30.039;30.331;60.370;;;;;;;;;
12/19/15;32;33;65;;30.071;30.364;60.435;;;;;;;;;
12/20/15;15;23;38;;30.086;30.387;60.473;;;;;;;;;
12/21/15;4;11;15;;30.090;30.398;60.488;;;;;;;;;
12/22/15;14;13;27;;30.104;30.411;60.515;;;;;;;;;
12/23/15;27;19;46;;30.131;30.430;60.561;;;;;;;;;
12/24/15;2;7;9;;30.133;30.437;60.570;;;;;;;;;
12/25/15;17;41;58;;30.150;30.478;60.628;;;;;;;;;
12/26/15;18;19;37;;30.168;30.497;60.665;;;;;;;;;
12/27/15;22;18;40;;30.190;30.515;60.705;;;;;;;;;
12/28/15;26;23;49;;30.216;30.538;60.754;;;;;;;;;
12/29/15;8;9;17;;30.224;30.547;60.771;;;;;;;;;
12/30/15;15;22;37;;30.239;30.569;60.808;;;;;;;;;
12/31/15;14;13;27;;30.253;30.582;60.835;;;;;;;;;
1/1/16;21;30;51;;30.274;30.612;60.886;;;;;;;;;
1/2/16;34;31;65;;30.308;30.643;60.951;;;;;;;;;
1/3/16;27;20;47;;30.335;30.663;60.998;;;;;;;;;
1/4/16;29;27;56;;30.364;30.690;61.054;;;;;;;;;
1/5/16;38;41;79;;30.402;30.731;61.133;;;;;;;;;
1/6/16;19;11;30;;30.421;30.742;61.163;;;;;;;;;
1/7/16;29;29;58;;30.450;30.771;61.221;;;;;;;;;
1/8/16;31;15;46;;30.481;30.786;61.267;;;;;;;;;
1/9/16;39;52;91;;30.520;30.838;61.358;;;;;;;;;
1/10/16;19;15;34;;30.539;30.853;61.392;;;;;;;;;
1/11/16;7;18;25;;30.546;30.871;61.417;;;;;;;;;
1/12/16;26;36;62;;30.572;30.907;61.479;;;;;;;;;
1/13/16;30;20;50;;30.602;30.927;61.529;;;;;;;;;
1/14/16;16;17;33;;30.618;30.944;61.562;;;;;;;;;
1/15/16;26;54;80;;30.644;30.998;61.642;;;;;;;;;
1/16/16;42;54;96;;30.686;31.052;61.738;;;;;;;;;
1/17/16;37;49;86;;30.723;31.101;61.824;;;;;;;;;
1/18/16;27;42;69;;30.750;31.143;61.893;;;;;;;;;
1/19/16;-47;-66;-113;;30.703;31.077;61.780;;;;;;;;;
1/20/16;14;24;38;;30.717;31.101;61.818;;;;;;;;;
1/21/16;12;18;30;;30.729;31.119;61.848;;;;;;;;;
1/22/16;20;13;33;;30.749;31.132;61.881;;;;;;;;;
1/23/16;54;51;105;;30.803;31.183;61.986;;;;;;;;;
1/24/16;71;63;134;;30.874;31.246;62.120;;;;;;;;;
1/25/16;27;30;57;;30.901;31.276;62.177;;;;;;;;;
1/26/16;35;43;78;;30.936;31.319;62.255;;;;;;;;;
1/27/16;26;31;57;;30.962;31.350;62.312;;;;;;;;;
1/28/16;27;19;46;;30.989;31.369;62.358;;;;;;;;;
1/29/16;31;46;77;;31.020;31.415;62.435;;;;;;;;;
1/30/16;49;58;107;;31.069;31.473;62.542;;;;;;;;;
1/31/16;59;71;130;;31.128;31.544;62.672;;;;;;;;;
2/1/16;21;46;67;;31.149;31.590;62.739;;;;;;;;;
2/2/16;23;26;49;;31.172;31.616;62.788;;;;;;;;;
2/3/16;27;42;69;;31.199;31.658;62.857;;;;;;;;;
2/4/16;19;36;55;;31.218;31.694;62.912;;;;;;;;;
2/5/16;19;58;77;;31.237;31.752;62.989;;;;;;;;;
2/6/16;28;51;79;;31.265;31.803;63.068;;;;;;;;;
2/7/16;21;28;49;;31.286;31.831;63.117;;;;;;;;;
2/8/16;13;33;46;;31.299;31.864;63.163;;;;;;;;;
2/9/16;8;25;33;;31.307;31.889;63.196;;;;;;;;;
2/10/16;20;30;50;;31.327;31.919;63.246;;;;;;;;;
2/11/16;25;8;33;;31.352;31.927;63.279;;;;;;;;;
2/12/16;7;16;23;;31.359;31.943;63.302;;;;;;;;;
2/13/16;26;23;49;;31.385;31.966;63.351;;;;;;;;;
2/14/16;14;5;19;;31.399;31.971;63.370;;;;;;;;;
2/15/16;12;18;30;;31.411;31.989;63.400;;;;;;;;;
2/16/16;-5;1;-4;;31.406;31.990;63.396;;;;;;;;;
2/17/16;4;16;20;;31.410;32.006;63.416;;;;;;;;;
2/18/16;11;9;20;;31.421;32.015;63.436;;;;;;;;;
2/19/16;13;26;39;;31.434;32.041;63.475;;;;;;;;;
2/20/16;35;53;88;;31.469;32.094;63.563;;;;;;;;;
2/21/16;28;43;71;;31.497;32.137;63.634;;;;;;;;;
2/22/16;14;12;26;;31.511;32.149;63.660;;;;;;;;;
2/23/16;14;22;36;;31.525;32.171;63.696;;;;;;;;;
2/24/16;10;12;22;;31.535;32.183;63.718;;;;;;;;;
2/25/16;20;13;33;;31.555;32.196;63.751;;;;;;;;;
2/26/16;3;3;6;;31.558;32.199;63.757;;;;;;;;;
2/27/16;26;15;41;;31.584;32.214;63.798;;;;;;;;;
2/28/16;18;16;34;;31.602;32.230;63.832;;;;;;;;;
2/29/16;8;16;24;;31.610;32.246;63.856;;;;;;;;;
3/1/16;21;24;45;;31.631;32.270;63.901;;;;;;;;;
3/2/16;17;30;47;;31.648;32.300;63.948;;;;;;;;;
3/3/16;19;24;43;;31.667;32.324;63.991;;;;;;;;;
3/4/16;14;33;47;;31.681;32.357;64.038;;;;;;;;;
3/5/16;27;18;45;;31.708;32.375;64.083;;;;;;;;;
3/6/16;19;35;54;;31.727;32.410;64.137;;;;;;;;;
3/7/16;24;25;49;;31.751;32.435;64.186;;;;;;;;;
3/8/16;17;4;21;;31.768;32.439;64.207;;;;;;;;;
3/9/16;2;-5;-3;;31.770;32.434;64.204;;;;;;;;;
3/10/16;7;24;31;;31.777;32.458;64.235;;;;;;;;;
3/11/16;-4;17;13;;31.773;32.475;64.248;;;;;;;;;
3/12/16;7;39;46;;31.780;32.514;64.294;;;;;;;;;
3/13/16;29;44;73;;31.809;32.558;64.367;;;;;;;;;
3/14/16;12;15;27;;31.821;32.573;64.394;;;;;;;;;
3/15/16;3;-2;1;;31.824;32.571;64.395;;;;;;;;;
3/16/16;-5;15;10;;31.819;32.586;64.405;;;;;;;;;
3/17/16;2;12;14;;31.821;32.598;64.419;;;;;;;;;
3/18/16;8;29;37;;31.829;32.627;64.456;;;;;;;;;
3/19/16;10;2;12;;31.839;32.629;64.468;;;;;;;;;
3/20/16;26;-7;19;;31.865;32.622;64.487;;;;;;;;;
3/21/16;10;2;12;;31.875;32.624;64.499;;;;;;;;;
3/22/16;-18;1;-17;;31.857;32.625;64.482;;;;;;;;;
3/23/16;1;18;19;;31.858;32.643;64.501;;;;;;;;;
3/24/16;26;21;47;;31.884;32.664;64.548;;;;;;;;;
3/25/16;22;16;38;;31.906;32.680;64.586;;;;;;;;;
3/26/16;13;36;49;;31.919;32.716;64.635;;;;;;;;;
3/27/16;19;27;46;;31.938;32.743;64.681;;;;;;;;;
3/28/16;18;26;44;;31.956;32.769;64.725;;;;;;;;;
3/29/16;30;15;45;;31.986;32.784;64.770;;;;;;;;;
3/30/16;12;46;58;;31.998;32.830;64.828;;;;;;;;;
3/31/16;22;31;53;;32.020;32.861;64.881;;;;;;;;;
4/1/16;28;39;67;;32.048;32.900;64.948;;;;;;;;;
4/2/16;38;60;98;;32.086;32.960;65.046;;;;;;;;;
4/3/16;18;29;47;;32.104;32.989;65.093;;;;;;;;;
4/4/16;-1;5;4;;32.103;32.994;65.097;;;;;;;;;
4/5/16;-4;6;2;;32.099;33.000;65.099;;;;;;;;;
4/6/16;11;15;26;;32.110;33.015;65.125;;;;;;;;;
4/7/16;11;25;36;;32.121;33.040;65.161;;;;;;;;;
4/8/16;15;21;36;;32.136;33.061;65.197;;;;;;;;;
4/9/16;50;46;96;;32.186;33.107;65.293;;;;;;;;;
4/10/16;14;8;22;;32.200;33.115;65.315;;;;;;;;;
4/11/16;5;-5;0;;32.205;33.110;65.315;;;;;;;;;
4/12/16;-6;-12;-18;;32.199;33.098;65.297;;;;;;;;;
4/13/16;2;13;15;;32.201;33.111;65.312;;;;;;;;;
4/14/16;13;1;14;;32.214;33.112;65.326;;;;;;;;;
4/15/16;11;5;16;;32.225;33.117;65.342;;;;;;;;;
4/16/16;-5;0;-5;;32.220;33.117;65.337;;;;;;;;;
4/17/16;45;50;95;;32.265;33.167;65.432;;;;;;;;;
4/18/16;6;19;25;;32.271;33.186;65.457;;;;;;;;;
4/19/16;-5;-17;-22;;32.266;33.169;65.435;;;;;;;;;
4/20/16;8;-20;-12;;32.274;33.149;65.423;;;;;;;;;
4/21/16;9;12;21;;32.283;33.161;65.444;;;;;;;;;
4/22/16;13;6;19;;32.296;33.167;65.463;;;;;;;;;
4/23/16;23;30;53;;32.319;33.197;65.516;;;;;;;;;
4/24/16;41;62;103;;32.360;33.259;65.619;;;;;;;;;
4/25/16;15;35;50;;32.375;33.294;65.669;;;;;;;;;
4/26/16;20;11;31;;32.395;33.305;65.700;;;;;;;;;
4/27/16;7;22;29;;32.402;33.327;65.729;;;;;;;;;
4/28/16;0;8;8;;32.402;33.335;65.737;;;;;;;;;
4/29/16;1;22;23;;32.403;33.357;65.760;;;;;;;;;
4/30/16;24;36;60;;32.427;33.393;65.820;;;;;;;;;
5/1/16;32;31;63;;32.459;33.424;65.883;;;;;;;;;
5/2/16;50;13;63;;32.509;33.437;65.946;;;;;;;;;
5/3/16;14;5;19;;32.523;33.442;65.965;;;;;;;;;
5/4/16;21;33;54;;32.544;33.475;66.019;;;;;;;;;
5/5/16;9;32;41;;32.553;33.507;66.060;;;;;;;;;
5/6/16;15;1;16;;32.568;33.508;66.076;;;;;;;;;
5/7/16;12;14;26;;32.580;33.522;66.102;;;;;;;;;
5/8/16;-1;-4;-5;;32.579;33.518;66.097;;;;;;;;;
5/9/16;-10;-36;-46;;32.569;33.482;66.051;;;;;;;;;
5/10/16;-22;-18;-40;;32.547;33.464;66.011;;;;;;;;;
5/11/16;0;-23;-23;;32.547;33.441;65.988;;;;;;;;;
5/12/16;8;1;9;;32.555;33.442;65.997;;;;;;;;;
5/13/16;-1;-6;-7;;32.554;33.436;65.990;;;;;;;;;
5/14/16;18;19;37;;32.572;33.455;66.027;;;;;;;;;
5/15/16;21;31;52;;32.593;33.486;66.079;;;;;;;;;
5/16/16;39;29;68;;32.632;33.515;66.147;;;;;;;;;
5/17/16;3;3;6;;32.635;33.518;66.153;;;;;;;;;
5/18/16;2;8;10;;32.637;33.526;66.163;;;;;;;;;
5/19/16;23;46;69;;32.660;33.572;66.232;;;;;;;;;
5/20/16;14;37;51;;32.674;33.609;66.283;;;;;;;;;
5/21/16;51;54;105;;32.725;33.663;66.388;;;;;;;;;
5/22/16;34;55;89;;32.759;33.718;66.477;;;;;;;;;
5/23/16;12;29;41;;32.771;33.747;66.518;;;;;;;;;
5/24/16;4;17;21;;32.775;33.764;66.539;;;;;;;;;
5/25/16;-8;17;9;;32.767;33.781;66.548;;;;;;;;;
5/26/16;3;4;7;;32.770;33.785;66.555;;;;;;;;;
5/27/16;14;20;34;;32.784;33.805;66.589;;;;;;;;;
5/28/16;15;10;25;;32.799;33.815;66.614;;;;;;;;;
5/29/16;28;38;66;;32.827;33.853;66.680;;;;;;;;;
5/30/16;30;27;57;;32.857;33.880;66.737;;;;;;;;;
5/31/16;25;28;53;;32.882;33.908;66.790;;;;;;;;;
6/1/16;-3;29;26;;32.879;33.937;66.816;;;;;;;;;
6/2/16;58;37;95;;32.937;33.974;66.911;;;;;;;;;
6/3/16;28;43;71;;32.965;34.017;66.982;;;;;;;;;
6/4/16;44;66;110;;33.009;34.083;67.092;;;;;;;;;
6/5/16;55;62;117;;33.064;34.145;67.209;;;;;;;;;
6/6/16;14;29;43;;33.078;34.174;67.252;;;;;;;;;
6/7/16;22;41;63;;33.100;34.215;67.315;;;;;;;;;
6/8/16;9;-14;-5;;33.109;34.201;67.310;;;;;;;;;
6/9/16;30;21;51;;33.139;34.222;67.361;;;;;;;;;
6/10/16;15;9;24;;33.154;34.231;67.385;;;;;;;;;
6/11/16;18;18;36;;33.172;34.249;67.421;;;;;;;;;
6/12/16;34;40;74;;33.206;34.289;67.495;;;;;;;;;
6/13/16;26;34;60;;33.232;34.323;67.555;;;;;;;;;
6/14/16;11;-4;7;;33.243;34.319;67.562;;;;;;;;;
6/15/16;-16;-2;-18;;33.227;34.317;67.544;;;;;;;;;
6/16/16;0;3;3;;33.227;34.320;67.547;;;;;;;;;
6/17/16;14;5;19;;33.241;34.325;67.566;;;;;;;;;
6/18/16;17;22;39;;33.258;34.347;67.605;;;;;;;;;
6/19/16;31;24;55;;33.289;34.371;67.660;;;;;;;;;
6/20/16;5;15;20;;33.294;34.386;67.680;;;;;;;;;
6/21/16;0;15;15;;33.294;34.401;67.695;;;;;;;;;
6/22/16;6;10;16;;33.300;34.411;67.711;;;;;;;;;
6/23/16;8;20;28;;33.308;34.431;67.739;;;;;;;;;
6/24/16;13;-4;9;;33.321;34.427;67.748;;;;;;;;;
6/25/16;9;20;29;;33.330;34.447;67.777;;;;;;;;;
6/26/16;21;1;22;;33.351;34.448;67.799;;;;;;;;;
6/27/16;9;-1;8;;33.360;34.447;67.807;;;;;;;;;
6/28/16;-2;22;20;;33.358;34.469;67.827;;;;;;;;;
6/29/16;11;17;28;;33.369;34.486;67.855;;;;;;;;;
6/30/16;24;15;39;;33.393;34.501;67.894;;;;;;;;;
7/1/16;16;24;40;;33.409;34.525;67.934;;;;;;;;;
7/2/16;9;0;9;;33.418;34.525;67.943;;;;;;;;;
7/3/16;14;47;61;;33.432;34.572;68.004;;;;;;;;;
7/4/16;30;32;62;;33.462;34.604;68.066;;;;;;;;;
7/5/16;27;43;70;;33.489;34.647;68.136;;;;;;;;;
7/6/16;26;36;62;;33.515;34.683;68.198;;;;;;;;;
7/7/16;13;18;31;;33.528;34.701;68.229;;;;;;;;;
7/8/16;17;27;44;;33.545;34.728;68.273;;;;;;;;;
7/9/16;18;15;33;;33.563;34.743;68.306;;;;;;;;;
7/10/16;28;29;57;;33.591;34.772;68.363;;;;;;;;;
7/11/16;8;53;61;;33.599;34.825;68.424;;;;;;;;;
7/12/16;-194;-148;-342;;33.405;34.677;68.082;;;;;;;;;
7/13/16;-7;20;13;;33.398;34.697;68.095;;;;;;;;;
7/14/16;-15;35;20;;33.383;34.732;68.115;;;;;;;;;
7/15/16;7;-6;1;;33.390;34.726;68.116;;;;;;;;;
7/16/16;11;2;13;;33.401;34.728;68.129;;;;;;;;;
7/17/16;17;24;41;;33.418;34.752;68.170;;;;;;;;;
7/18/16;-420;-204;-624;;32.998;34.548;67.546;;;;;;;;;
7/19/16;-21;-5;-26;;32.977;34.543;67.520;;;;;;;;;
7/20/16;-39;-8;-47;;32.938;34.535;67.473;;;;;;;;;
7/21/16;-24;-20;-44;;32.914;34.515;67.429;;;;;;;;;
7/22/16;-1;-13;-14;;32.913;34.502;67.415;;;;;;;;;
7/23/16;-31;4;-27;;32.882;34.506;67.388;;;;;;;;;
7/24/16;-26;-5;-31;;32.856;34.501;67.357;;;;;;;;;
7/25/16;14;12;26;;32.870;34.513;67.383;;;;;;;;;
7/26/16;-40;-6;-46;;32.830;34.507;67.337;;;;;;;;;
7/27/16;-24;-9;-33;;32.806;34.498;67.304;;;;;;;;;
7/28/16;-20;-3;-23;;32.786;34.495;67.281;;;;;;;;;
7/29/16;-10;-1;-11;;32.776;34.494;67.270;;;;;;;;;
7/30/16;14;22;36;;32.790;34.516;67.306;;;;;;;;;
7/31/16;-1;-8;-9;;32.789;34.508;67.297;;;;;;;;;
8/1/16;12;31;43;;32.801;34.539;67.340;;;;;;;;;
8/2/16;-18;16;-2;;32.783;34.555;67.338;;;;;;;;;
8/3/16;-31;8;-23;;32.752;34.563;67.315;;;;;;;;;
8/4/16;-21;24;3;;32.731;34.587;67.318;;;;;;;;;
8/5/16;-21;19;-2;;32.710;34.606;67.316;;;;;;;;;
8/6/16;-5;-9;-14;;32.705;34.597;67.302;;;;;;;;;
8/7/16;-30;-2;-32;;32.675;34.595;67.270;;;;;;;;;
8/8/16;-16;10;-6;;32.659;34.605;67.264;;;;;;;;;
8/9/16;-13;-8;-21;;32.646;34.597;67.243;;;;;;;;;
8/10/16;-17;-3;-20;;32.629;34.594;67.223;;;;;;;;;
8/11/16;-28;-8;-36;;32.601;34.586;67.187;;;;;;;;;
8/12/16;-9;-28;-37;;32.592;34.558;67.150;;;;;;;;;
8/13/16;-23;-29;-52;;32.569;34.529;67.098;;;;;;;;;
8/14/16;-9;11;2;;32.560;34.540;67.100;;;;;;;;;
8/15/16;-3;-1;-4;;32.557;34.539;67.096;;;;;;;;;
8/16/16;-11;-5;-16;;32.546;34.534;67.080;;;;;;;;;
8/17/16;-16;-13;-29;;32.530;34.521;67.051;;;;;;;;;
8/18/16;-2;3;1;;32.528;34.524;67.052;;;;;;;;;
8/19/16;3;-8;-5;;32.531;34.516;67.047;;;;;;;;;
8/20/16;3;-15;-12;;32.534;34.501;67.035;;;;;;;;;
8/21/16;-6;-13;-19;;32.528;34.488;67.016;;;;;;;;;
8/22/16;12;20;32;;32.540;34.508;67.048;;;;;;;;;
8/23/16;-6;-14;-20;;32.534;34.494;67.028;;;;;;;;;
8/24/16;-12;-16;-28;;32.522;34.478;67.000;;;;;;;;;
8/25/16;-10;-3;-13;;32.512;34.475;66.987;;;;;;;;;
8/26/16;-3;-5;-8;;32.509;34.470;66.979;;;;;;;;;
8/27/16;3;19;22;;32.512;34.489;67.001;;;;;;;;;
8/28/16;-12;-10;-22;;32.500;34.479;66.979;;;;;;;;;
8/29/16;6;31;37;;32.506;34.510;67.016;;;;;;;;;
8/30/16;-1;17;16;;32.505;34.527;67.032;;;;;;;;;
8/31/16;21;21;42;;32.526;34.548;67.074;;;;;;;;;
9/1/16;1;4;5;;32.527;34.552;67.079;;;;;;;;;
9/2/16;28;12;40;;32.555;34.564;67.119;;;;;;;;;
9/3/16;26;12;38;;32.581;34.576;67.157;;;;;;;;;
9/4/16;22;36;58;;32.603;34.612;67.215;;;;;;;;;
9/5/16;13;49;62;;32.616;34.661;67.277;;;;;;;;;
9/6/16;1;9;10;;32.617;34.670;67.287;;;;;;;;;
9/7/16;-38;-12;-50;;32.579;34.658;67.237;;;;;;;;;
9/8/16;-18;-14;-32;;32.561;34.644;67.205;;;;;;;;;
9/9/16;-8;-10;-18;;32.553;34.634;67.187;;;;;;;;;
9/10/16;-3;18;15;;32.550;34.652;67.202;;;;;;;;;
9/11/16;-5;4;-1;;32.545;34.656;67.201;;;;;;;;;
9/12/16;1;19;20;;32.546;34.675;67.221;;;;;;;;;
9/13/16;-34;6;-28;;32.512;34.681;67.193;;;;;;;;;
9/14/16;-42;-30;-72;;32.470;34.651;67.121;;;;;;;;;
9/15/16;-29;-30;-59;;32.441;34.621;67.062;;;;;;;;;
9/16/16;-16;8;-8;;32.425;34.629;67.054;;;;;;;;;
9/17/16;9;18;27;;32.434;34.647;67.081;;;;;;;;;
9/18/16;-6;7;1;;32.428;34.654;67.082;;;;;;;;;
9/19/16;3;-3;0;;32.431;34.651;67.082;;;;;;;;;
9/20/16;-53;-2;-55;;32.378;34.649;67.027;;;;;;;;;
9/21/16;-30;-27;-57;;32.348;34.622;66.970;;;;;;;;;
9/22/16;-43;-4;-47;;32.305;34.618;66.923;;;;;;;;;
9/23/16;-4;-19;-23;;32.301;34.599;66.900;;;;;;;;;
9/24/16;-14;37;23;;32.287;34.636;66.923;;;;;;;;;
9/25/16;-5;4;-1;;32.282;34.640;66.922;;;;;;;;;
9/26/16;-14;-15;-29;;32.268;34.625;66.893;;;;;;;;;
9/27/16;-36;-17;-53;;32.232;34.608;66.840;;;;;;;;;
9/28/16;-54;-55;-109;;32.178;34.553;66.731;;;;;;;;;
9/29/16;-52;-7;-59;;32.126;34.546;66.672;;;;;;;;;
9/30/16;-26;19;-7;;32.100;34.565;66.665;;;;;;;;;
10/1/16;-9;10;1;;32.091;34.575;66.666;;;;;;;;;
10/2/16;-4;12;8;;32.087;34.587;66.674;;;;;;;;;
10/3/16;-21;-10;-31;;32.066;34.577;66.643;;;;;;;;;
10/4/16;-19;-18;-37;;32.047;34.559;66.606;;;;;;;;;
10/5/16;-51;-25;-76;;31.996;34.534;66.530;;;;;;;;;
10/6/16;-13;-7;-20;;31.983;34.527;66.510;;;;;;;;;
10/7/16;-25;24;-1;;31.958;34.551;66.509;;;;;;;;;
10/8/16;-14;15;1;;31.944;34.566;66.510;;;;;;;;;
10/9/16;-23;10;-13;;31.921;34.576;66.497;;;;;;;;;
10/10/16;-8;-26;-34;;31.913;34.550;66.463;;;;;;;;;
10/11/16;-24;-22;-46;;31.889;34.528;66.417;;;;;;;;;
10/12/16;-41;-58;-99;;31.848;34.470;66.318;;;;;;;;;
10/13/16;-53;-27;-80;;31.795;34.443;66.238;;;;;;;;;
10/14/16;-39;2;-37;;31.756;34.445;66.201;;;;;;;;;
10/15/16;-7;-8;-15;;31.749;34.437;66.186;;;;;;;;;
10/16/16;-8;-15;-23;;31.741;34.422;66.163;;;;;;;;;
10/17/16;-20;-18;-38;;31.721;34.404;66.125;;;;;;;;;
10/18/16;-26;-35;-61;;31.695;34.369;66.064;;;;;;;;;
10/19/16;-40;-30;-70;;31.655;34.339;65.994;;;;;;;;;
10/20/16;-47;-38;-85;;31.608;34.301;65.909;;;;;;;;;
10/21/16;-31;-15;-46;;31.577;34.286;65.863;;;;;;;;;
10/22/16;-33;-29;-62;;31.544;34.257;65.801;;;;;;;;;
10/23/16;-29;-28;-57;;31.515;34.229;65.744;;;;;;;;;
10/24/16;-22;-42;-64;;31.493;34.187;65.680;;;;;;;;;
10/25/16;-39;-36;-75;;31.454;34.151;65.605;;;;;;;;;
10/26/16;-48;-38;-86;;31.406;34.113;65.519;;;;;;;;;
10/27/16;-45;-13;-58;;31.361;34.100;65.461;;;;;;;;;
10/28/16;-9;-13;-22;;31.352;34.087;65.439;;;;;;;;;
10/29/16;4;-6;-2;;31.356;34.081;65.437;;;;;;;;;
10/30/16;-16;-1;-17;;31.340;34.080;65.420;;;;;;;;;
10/31/16;-14;-11;-25;;31.326;34.069;65.395;;;;;;;;;
11/1/16;-11;-4;-15;;31.315;34.065;65.380;;;;;;;;;
11/2/16;-41;-24;-65;;31.274;34.041;65.315;;;;;;;;;
11/3/16;-27;-16;-43;;31.247;34.025;65.272;;;;;;;;;
11/4/16;-13;-18;-31;;31.234;34.007;65.241;;;;;;;;;
11/5/16;-9;-26;-35;;31.225;33.981;65.206;;;;;;;;;
11/6/16;5;-15;-10;;31.230;33.966;65.196;;;;;;;;;
11/7/16;-28;-14;-42;;31.202;33.952;65.154;;;;;;;;;
11/8/16;-46;-39;-85;;31.156;33.913;65.069;;;;;;;;;
11/9/16;-39;-24;-63;;31.117;33.889;65.006;;;;;;;;;
11/10/16;-19;-15;-34;;31.098;33.874;64.972;;;;;;;;;
11/11/16;-14;-26;-40;;31.084;33.848;64.932;;;;;;;;;
11/12/16;0;-14;-14;;31.084;33.834;64.918;;;;;;;;;
11/13/16;-5;-2;-7;;31.079;33.832;64.911;;;;;;;;;
11/14/16;-22;-30;-52;;31.057;33.802;64.859;;;;;;;;;
11/15/16;-12;-37;-49;;31.045;33.765;64.810;;;;;;;;;
11/16/16;-15;-47;-62;;31.030;33.718;64.748;;;;;;;;;
11/17/16;-56;-28;-84;;30.974;33.690;64.664;;;;;;;;;
11/18/16;-15;-27;-42;;30.959;33.663;64.622;;;;;;;;;
11/19/16;-22;-4;-26;;30.937;33.659;64.596;;;;;;;;;
11/20/16;-19;-32;-51;;30.918;33.627;64.545;;;;;;;;;
11/21/16;-18;-46;-64;;30.900;33.581;64.481;;;;;;;;;
11/22/16;-19;-50;-69;;30.881;33.531;64.412;;;;;;;;;
11/23/16;-24;-51;-75;;30.857;33.480;64.337;;;;;;;;;
11/24/16;-21;-19;-40;;30.836;33.461;64.297;;;;;;;;;
11/25/16;-21;-25;-46;;30.815;33.436;64.251;;;;;;;;;
11/26/16;-24;-22;-46;;30.791;33.414;64.205;;;;;;;;;
11/27/16;-19;-19;-38;;30.772;33.395;64.167;;;;;;;;;
11/28/16;-19;-34;-53;;30.753;33.361;64.114;;;;;;;;;
11/29/16;-11;-31;-42;;30.742;33.330;64.072;;;;;;;;;
11/30/16;-12;-14;-26;;30.730;33.316;64.046;;;;;;;;;
12/1/16;-24;-10;-34;;30.706;33.306;64.012;;;;;;;;;
12/2/16;-8;3;-5;;30.698;33.309;64.007;;;;;;;;;
12/3/16;2;10;12;;30.700;33.319;64.019;;;;;;;;;
12/4/16;-2;-2;-4;;30.698;33.317;64.015;;;;;;;;;
12/5/16;2;-11;-9;;30.700;33.306;64.006;;;;;;;;;
12/6/16;10;9;19;;30.710;33.315;64.025;;;;;;;;;
12/7/16;-10;-3;-13;;30.700;33.312;64.012;;;;;;;;;
12/8/16;3;-2;1;;30.703;33.310;64.013;;;;;;;;;
12/9/16;-3;-8;-11;;30.700;33.302;64.002;;;;;;;;;
12/10/16;1;5;6;;30.701;33.307;64.008;;;;;;;;;
12/11/16;-7;-4;-11;;30.694;33.303;63.997;;;;;;;;;
12/12/16;-20;-14;-34;;30.674;33.289;63.963;;;;;;;;;
12/13/16;-14;-25;-39;;30.660;33.264;63.924;;;;;;;;;
12/14/16;-34;-32;-66;;30.626;33.232;63.858;;;;;;;;;
12/15/16;-13;-28;-41;;30.613;33.204;63.817;;;;;;;;;
12/16/16;-20;-22;-42;;30.593;33.182;63.775;;;;;;;;;
12/17/16;-13;-14;-27;;30.580;33.168;63.748;;;;;;;;;
12/18/16;-10;5;-5;;30.570;33.173;63.743;;;;;;;;;
12/19/16;-14;-19;-33;;30.556;33.154;63.710;;;;;;;;;
12/20/16;-8;-10;-18;;30.548;33.144;63.692;;;;;;;;;
12/21/16;-6;-9;-15;;30.542;33.135;63.677;;;;;;;;;
12/22/16;7;-12;-5;;30.549;33.123;63.672;;;;;;;;;
12/23/16;-11;-8;-19;;30.538;33.115;63.653;;;;;;;;;
12/24/16;0;-9;-9;;30.538;33.106;63.644;;;;;;;;;
12/25/16;3;-2;1;;30.541;33.104;63.645;;;;;;;;;
12/26/16;7;-7;0;;30.548;33.097;63.645;;;;;;;;;
12/27/16;-15;-24;-39;;30.533;33.073;63.606;;;;;;;;;
12/28/16;-10;-11;-21;;30.523;33.062;63.585;;;;;;;;;
12/29/16;-6;-4;-10;;30.517;33.058;63.575;;;;;;;;;
12/30/16;-20;-3;-23;;30.497;33.055;63.552;;;;;;;;;
12/31/16;-4;-5;-9;;30.493;33.050;63.543;;;;;;;;;
1/1/17;-2;-2;-4;;30.491;33.048;63.539;;;;;;;;;
1/2/17;0;-13;-13;;30.491;33.035;63.526;;;;;;;;;
1/3/17;-4;1;-3;;30.487;33.036;63.523;;;;;;;;;
1/4/17;-8;1;-7;;30.479;33.037;63.516;;;;;;;;;
1/5/17;2;-3;-1;;30.481;33.034;63.515;;;;;;;;;
1/6/17;13;7;20;;30.494;33.041;63.535;;;;;;;;;
1/7/17;17;4;21;;30.511;33.045;63.556;;;;;;;;;
1/8/17;8;9;17;;30.519;33.054;63.573;;;;;;;;;
1/9/17;2;9;11;;30.521;33.063;63.584;;;;;;;;;
1/10/17;4;-6;-2;;30.525;33.057;63.582;;;;;;;;;
1/11/17;3;13;16;;30.528;33.070;63.598;;;;;;;;;
1/12/17;-2;9;7;;30.526;33.079;63.605;;;;;;;;;
1/13/17;-16;3;-13;;30.510;33.082;63.592;;;;;;;;;
1/14/17;7;-4;3;;30.517;33.078;63.595;;;;;;;;;
1/15/17;-1;16;15;;30.516;33.094;63.610;;;;;;;;;
1/16/17;2;3;5;;30.518;33.097;63.615;;;;;;;;;
1/17/17;-12;-13;-25;;30.506;33.084;63.590;;;;;;;;;
1/18/17;-17;-6;-23;;30.489;33.078;63.567;;;;;;;;;
1/19/17;-17;-9;-26;;30.472;33.069;63.541;;;;;;;;;
1/20/17;-21;-20;-41;;30.451;33.049;63.500;;;;;;;;;
1/21/17;-13;-22;-35;;30.438;33.027;63.465;;;;;;;;;
1/22/17;4;5;9;;30.442;33.032;63.474;;;;;;;;;
1/23/17;8;6;14;;30.450;33.038;63.488;;;;;;;;;
1/24/17;-11;-27;-38;;30.439;33.011;63.450;;;;;;;;;
1/25/17;-11;-11;-22;;30.428;33.000;63.428;;;;;;;;;
1/26/17;-7;8;1;;30.421;33.008;63.429;;;;;;;;;
1/27/17;-6;-13;-19;;30.415;32.995;63.410;;;;;;;;;
1/28/17;7;2;9;;30.422;32.997;63.419;;;;;;;;;
1/29/17;-4;6;2;;30.418;33.003;63.421;;;;;;;;;
1/30/17;-4;6;2;;30.414;33.009;63.423;;;;;;;;;
1/31/17;-13;-19;-32;;30.401;32.990;63.391;;;;;;;;;
2/1/17;-36;-7;-43;;30.365;32.983;63.348;;;;;;;;;
2/2/17;-21;-19;-40;;30.344;32.964;63.308;;;;;;;;;
2/3/17;-25;-6;-31;;30.319;32.958;63.277;;;;;;;;;
2/4/17;-10;2;-8;;30.309;32.960;63.269;;;;;;;;;
2/5/17;5;23;28;;30.314;32.983;63.297;;;;;;;;;
2/6/17;-10;-15;-25;;30.304;32.968;63.272;;;;;;;;;
2/7/17;-8;-26;-34;;30.296;32.942;63.238;;;;;;;;;
2/8/17;-10;-1;-11;;30.286;32.941;63.227;;;;;;;;;
2/9/17;5;-18;-13;;30.291;32.923;63.214;;;;;;;;;
2/10/17;-13;-12;-25;;30.278;32.911;63.189;;;;;;;;;
2/11/17;-10;-20;-30;;30.268;32.891;63.159;;;;;;;;;
2/12/17;-13;1;-12;;30.255;32.892;63.147;;;;;;;;;
2/13/17;5;-13;-8;;30.260;32.879;63.139;;;;;;;;;
2/14/17;-5;-9;-14;;30.255;32.870;63.125;;;;;;;;;
2/15/17;-9;-7;-16;;30.246;32.863;63.109;;;;;;;;;
2/16/17;-11;-14;-25;;30.235;32.849;63.084;;;;;;;;;
2/17/17;-3;3;0;;30.232;32.852;63.084;;;;;;;;;
2/18/17;19;5;24;;30.251;32.857;63.108;;;;;;;;;
2/19/17;12;18;30;;30.263;32.875;63.138;;;;;;;;;
2/20/17;5;5;10;;30.268;32.880;63.148;;;;;;;;;
2/21/17;-5;24;19;;30.263;32.904;63.167;;;;;;;;;
2/22/17;1;8;9;;30.264;32.912;63.176;;;;;;;;;
2/23/17;9;0;9;;30.273;32.912;63.185;;;;;;;;;
2/24/17;4;9;13;;30.277;32.921;63.198;;;;;;;;;
2/25/17;21;36;57;;30.298;32.957;63.255;;;;;;;;;
2/26/17;16;25;41;;30.314;32.982;63.296;;;;;;;;;
2/27/17;11;1;12;;30.325;32.983;63.308;;;;;;;;;
2/28/17;0;-4;-4;;30.325;32.979;63.304;;;;;;;;;
3/1/17;-3;14;11;;30.322;32.993;63.315;;;;;;;;;
3/2/17;8;20;28;;30.330;33.013;63.343;;;;;;;;;
3/3/17;-7;-13;-20;;30.323;33.000;63.323;;;;;;;;;
3/4/17;1;1;2;;30.324;33.001;63.325;;;;;;;;;
3/5/17;9;14;23;;30.333;33.015;63.348;;;;;;;;;
3/6/17;4;17;21;;30.337;33.032;63.369;;;;;;;;;
3/7/17;9;10;19;;30.346;33.042;63.388;;;;;;;;;
3/8/17;-12;16;4;;30.334;33.058;63.392;;;;;;;;;
3/9/17;1;21;22;;30.335;33.079;63.414;;;;;;;;;
3/10/17;-133;-109;-242;;30.202;32.970;63.172;;;;;;;;;
3/11/17;34;35;69;;30.236;33.005;63.241;;;;;;;;;
3/12/17;61;-47;14;;30.297;32.958;63.255;;;;;;;;;
3/13/17;19;-7;12;;30.316;32.951;63.267;;;;;;;;;
3/14/17;-3;3;0;;30.313;32.954;63.267;;;;;;;;;
3/15/17;-6;15;9;;30.307;32.969;63.276;;;;;;;;;
3/16/17;-3;15;12;;30.304;32.984;63.288;;;;;;;;;
3/17/17;11;16;27;;30.315;33.000;63.315;;;;;;;;;
3/18/17;14;46;60;;30.329;33.046;63.375;;;;;;;;;
3/19/17;11;46;57;;30.340;33.092;63.432;;;;;;;;;
3/20/17;35;55;90;;30.375;33.147;63.522;;;;;;;;;
3/21/17;-1;-13;-14;;30.374;33.134;63.508;;;;;;;;;
3/22/17;-3;-9;-12;;30.371;33.125;63.496;;;;;;;;;
3/23/17;-5;2;-3;;30.366;33.127;63.493;;;;;;;;;
3/24/17;-6;-22;-28;;30.360;33.105;63.465;;;;;;;;;
3/25/17;11;-5;6;;30.371;33.100;63.471;;;;;;;;;
3/26/17;13;2;15;;30.384;33.102;63.486;;;;;;;;;
3/27/17;-4;-1;-5;;30.380;33.101;63.481;;;;;;;;;
3/28/17;4;11;15;;30.384;33.112;63.496;;;;;;;;;
3/29/17;23;31;54;;30.407;33.143;63.550;;;;;;;;;
3/30/17;21;21;42;;30.428;33.164;63.592;;;;;;;;;
3/31/17;11;18;29;;30.439;33.182;63.621;;;;;;;;;
4/1/17;3;20;23;;30.442;33.202;63.644;;;;;;;;;
4/2/17;30;41;71;;30.472;33.243;63.715;;;;;;;;;
4/3/17;8;-29;-21;;30.480;33.214;63.694;;;;;;;;;
4/4/17;0;35;35;;30.480;33.249;63.729;;;;;;;;;
4/5/17;-15;16;1;;30.465;33.265;63.730;;;;;;;;;
4/6/17;-27;-6;-33;;30.438;33.259;63.697;;;;;;;;;
4/7/17;-1;6;5;;30.437;33.265;63.702;;;;;;;;;
4/8/17;11;33;44;;30.448;33.298;63.746;;;;;;;;;
4/9/17;21;38;59;;30.469;33.336;63.805;;;;;;;;;
4/10/17;2;-6;-4;;30.471;33.330;63.801;;;;;;;;;
4/11/17;3;38;41;;30.474;33.368;63.842;;;;;;;;;
4/12/17;-12;47;35;;30.462;33.415;63.877;;;;;;;;;
4/13/17;9;-1;8;;30.471;33.414;63.885;;;;;;;;;
4/14/17;-2;12;10;;30.469;33.426;63.895;;;;;;;;;
4/15/17;11;-1;10;;30.480;33.425;63.905;;;;;;;;;
4/16/17;11;-2;9;;30.491;33.423;63.914;;;;;;;;;
4/17/17;0;30;30;;30.491;33.453;63.944;;;;;;;;;
4/18/17;12;26;38;;30.503;33.479;63.982;;;;;;;;;
4/19/17;6;12;18;;30.509;33.491;64.000;;;;;;;;;
4/20/17;-32;-26;-58;;30.477;33.465;63.942;;;;;;;;;
4/21/17;1;19;20;;30.478;33.484;63.962;;;;;;;;;
4/22/17;17;6;23;;30.495;33.490;63.985;;;;;;;;;
4/23/17;25;27;52;;30.520;33.517;64.037;;;;;;;;;
4/24/17;11;9;20;;30.531;33.526;64.057;;;;;;;;;
4/25/17;-5;-17;-22;;30.526;33.509;64.035;;;;;;;;;
4/26/17;-11;-8;-19;;30.515;33.501;64.016;;;;;;;;;
4/27/17;-18;-3;-21;;30.497;33.498;63.995;;;;;;;;;
4/28/17;-11;18;7;;30.486;33.516;64.002;;;;;;;;;
4/29/17;-5;-14;-19;;30.481;33.502;63.983;;;;;;;;;
4/30/17;-9;-5;-14;;30.472;33.497;63.969;;;;;;;;;
5/1/17;6;40;46;;30.478;33.537;64.015;;;;;;;;;
5/2/17;-9;-4;-13;;30.469;33.533;64.002;;;;;;;;;
5/3/17;7;-7;0;;30.476;33.526;64.002;;;;;;;;;
5/4/17;21;13;34;;30.497;33.539;64.036;;;;;;;;;
5/5/17;-5;3;-2;;30.492;33.542;64.034;;;;;;;;;
5/6/17;22;13;35;;30.514;33.555;64.069;;;;;;;;;
5/7/17;33;7;40;;30.547;33.562;64.109;;;;;;;;;
5/8/17;1;23;24;;30.548;33.585;64.133;;;;;;;;;
5/9/17;-15;-5;-20;;30.533;33.580;64.113;;;;;;;;;
5/10/17;11;9;20;;30.544;33.589;64.133;;;;;;;;;
5/11/17;-10;0;-10;;30.534;33.589;64.123;;;;;;;;;
5/12/17;0;-8;-8;;30.534;33.581;64.115;;;;;;;;;
5/13/17;15;16;31;;30.549;33.597;64.146;;;;;;;;;
5/14/17;14;33;47;;30.563;33.630;64.193;;;;;;;;;
5/15/17;19;40;59;;30.582;33.670;64.252;;;;;;;;;
5/16/17;39;-18;21;;30.621;33.652;64.273;;;;;;;;;
5/17/17;25;-75;-50;;30.646;33.577;64.223;;;;;;;;;
5/18/17;7;6;13;;30.653;33.583;64.236;;;;;;;;;
5/19/17;9;23;32;;30.662;33.606;64.268;;;;;;;;;
5/20/17;9;10;19;;30.671;33.616;64.287;;;;;;;;;
5/21/17;13;24;37;;30.684;33.640;64.324;;;;;;;;;
5/22/17;5;19;24;;30.689;33.659;64.348;;;;;;;;;
5/23/17;43;39;82;;30.732;33.698;64.430;;;;;;;;;
5/24/17;58;14;72;;30.790;33.712;64.502;;;;;;;;;
5/25/17;-34;-34;-68;;30.756;33.678;64.434;;;;;;;;;
5/26/17;-6;14;8;;30.750;33.692;64.442;;;;;;;;;
5/27/17;45;48;93;;30.795;33.740;64.535;;;;;;;;;
5/28/17;26;52;78;;30.821;33.792;64.613;;;;;;;;;
5/29/17;35;46;81;;30.856;33.838;64.694;;;;;;;;;
5/30/17;-22;-13;-35;;30.834;33.825;64.659;;;;;;;;;
5/31/17;21;58;79;;30.855;33.883;64.738;;;;;;;;;
6/1/17;-47;-83;-130;;30.808;33.800;64.608;;;;;;;;;
6/2/17;5;19;24;;30.813;33.819;64.632;;;;;;;;;
6/3/17;22;45;67;;30.835;33.864;64.699;;;;;;;;;
6/4/17;50;52;102;;30.885;33.916;64.801;;;;;;;;;
6/5/17;20;40;60;;30.905;33.956;64.861;;;;;;;;;
6/6/17;-6;-7;-13;;30.899;33.949;64.848;;;;;;;;;
6/7/17;-21;-1;-22;;30.878;33.948;64.826;;;;;;;;;
6/8/17;6;4;10;;30.884;33.952;64.836;;;;;;;;;
6/9/17;6;3;9;;30.890;33.955;64.845;;;;;;;;;
6/10/17;41;52;93;;30.931;34.007;64.938;;;;;;;;;
6/11/17;20;39;59;;30.951;34.046;64.997;;;;;;;;;
6/12/17;40;-43;-3;;30.991;34.003;64.994;;;;;;;;;
6/13/17;-19;16;-3;;30.972;34.019;64.991;;;;;;;;;
6/14/17;-86;-66;-152;;30.886;33.953;64.839;;;;;;;;;
6/15/17;-11;10;-1;;30.875;33.963;64.838;;;;;;;;;
6/16/17;5;-22;-17;;30.880;33.941;64.821;;;;;;;;;
6/17/17;25;31;56;;30.905;33.972;64.877;;;;;;;;;
6/18/17;28;31;59;;30.933;34.003;64.936;;;;;;;;;
6/19/17;26;34;60;;30.959;34.037;64.996;;;;;;;;;
6/20/17;-14;-16;-30;;30.945;34.021;64.966;;;;;;;;;
6/21/17;-48;45;-3;;30.897;34.066;64.963;;;;;;;;;
6/22/17;-41;-149;-190;;30.856;33.917;64.773;;;;;;;;;
6/23/17;2;-2;0;;30.858;33.915;64.773;;;;;;;;;
6/24/17;22;37;59;;30.880;33.952;64.832;;;;;;;;;
6/25/17;14;40;54;;30.894;33.992;64.886;;;;;;;;;
6/26/17;6;25;31;;30.900;34.017;64.917;;;;;;;;;
6/27/17;-11;23;12;;30.889;34.040;64.929;;;;;;;;;
6/28/17;17;49;66;;30.906;34.089;64.995;;;;;;;;;
6/29/17;-78;-25;-103;;30.828;34.064;64.892;;;;;;;;;
6/30/17;-32;-59;-91;;30.796;34.005;64.801;;;;;;;;;
7/1/17;33;40;73;;30.829;34.045;64.874;;;;;;;;;
7/2/17;29;32;61;;30.858;34.077;64.935;;;;;;;;;
7/3/17;-9;26;17;;30.849;34.103;64.952;;;;;;;;;
7/4/17;-5;48;43;;30.844;34.151;64.995;;;;;;;;;
7/5/17;-39;-37;-76;;30.805;34.114;64.919;;;;;;;;;
7/6/17;22;15;37;;30.827;34.129;64.956;;;;;;;;;
7/7/17;-52;-99;-151;;30.775;34.030;64.805;;;;;;;;;
7/8/17;29;42;71;;30.804;34.072;64.876;;;;;;;;;
7/9/17;30;46;76;;30.834;34.118;64.952;;;;;;;;;
7/10/17;-29;10;-19;;30.805;34.128;64.933;;;;;;;;;
7/11/17;-63;15;-48;;30.742;34.143;64.885;;;;;;;;;
7/12/17;-93;-65;-158;;30.649;34.078;64.727;;;;;;;;;
7/13/17;-15;-16;-31;;30.634;34.062;64.696;;;;;;;;;
7/14/17;0;33;33;;30.634;34.095;64.729;;;;;;;;;
7/15/17;-2;22;20;;30.632;34.117;64.749;;;;;;;;;
7/16/17;-4;-15;-19;;30.628;34.102;64.730;;;;;;;;;
7/17/17;-23;-3;-26;;30.605;34.099;64.704;;;;;;;;;
7/18/17;-4;-14;-18;;30.601;34.085;64.686;;;;;;;;;
7/19/17;-142;27;-115;;30.459;34.112;64.571;;;;;;;;;
7/20/17;-121;-212;-333;;30.338;33.900;64.238;;;;;;;;;
7/21/17;-69;-33;-102;;30.269;33.867;64.136;;;;;;;;;
7/22/17;13;54;67;;30.282;33.921;64.203;;;;;;;;;
7/23/17;27;42;69;;30.309;33.963;64.272;;;;;;;;;
7/24/17;-15;2;-13;;30.294;33.965;64.259;;;;;;;;;
7/25/17;-26;-13;-39;;30.268;33.952;64.220;;;;;;;;;
7/26/17;-11;48;37;;30.257;34.000;64.257;;;;;;;;;
7/27/17;-5;47;42;;30.252;34.047;64.299;;;;;;;;;
7/28/17;-92;-178;-270;;30.160;33.869;64.029;;;;;;;;;
7/29/17;21;24;45;;30.181;33.893;64.074;;;;;;;;;
7/30/17;20;34;54;;30.201;33.927;64.128;;;;;;;;;
7/31/17;-17;-6;-23;;30.184;33.921;64.105;;;;;;;;;
8/1/17;-19;-2;-21;;30.165;33.919;64.084;;;;;;;;;
8/2/17;-65;-48;-113;;30.100;33.871;63.971;;;;;;;;;
8/3/17;-12;-18;-30;;30.088;33.853;63.941;;;;;;;;;
8/4/17;-36;-4;-40;;30.052;33.849;63.901;;;;;;;;;
8/5/17;3;25;28;;30.055;33.874;63.929;;;;;;;;;
8/6/17;18;27;45;;30.073;33.901;63.974;;;;;;;;;
8/7/17;-22;16;-6;;30.051;33.917;63.968;;;;;;;;;
8/8/17;-23;-11;-34;;30.028;33.906;63.934;;;;;;;;;
8/9/17;26;37;63;;30.054;33.943;63.997;;;;;;;;;
8/10/17;-122;-122;-244;;29.932;33.821;63.753;;;;;;;;;
8/11/17;-26;-32;-58;;29.906;33.789;63.695;;;;;;;;;
8/12/17;16;23;39;;29.922;33.812;63.734;;;;;;;;;
8/13/17;11;33;44;;29.933;33.845;63.778;;;;;;;;;
8/14/17;-28;-9;-37;;29.905;33.836;63.741;;;;;;;;;
8/15/17;22;35;57;;29.927;33.871;63.798;;;;;;;;;
8/16/17;-5;-27;-32;;29.922;33.844;63.766;;;;;;;;;
8/17/17;-41;-42;-83;;29.881;33.802;63.683;;;;;;;;;
8/18/17;-25;-54;-79;;29.856;33.748;63.604;;;;;;;;;
8/19/17;5;6;11;;29.861;33.754;63.615;;;;;;;;;
8/20/17;23;33;56;;29.884;33.787;63.671;;;;;;;;;
8/21/17;-13;-14;-27;;29.871;33.773;63.644;;;;;;;;;
8/22/17;-7;15;8;;29.864;33.788;63.652;;;;;;;;;
8/23/17;-11;-18;-29;;29.853;33.770;63.623;;;;;;;;;
8/24/17;-67;-95;-162;;29.786;33.675;63.461;;;;;;;;;
8/25/17;-22;-35;-57;;29.764;33.640;63.404;;;;;;;;;
8/26/17;20;38;58;;29.784;33.678;63.462;;;;;;;;;
8/27/17;6;40;46;;29.790;33.718;63.508;;;;;;;;;
8/28/17;-39;-10;-49;;29.751;33.708;63.459;;;;;;;;;
8/29/17;-5;-5;-10;;29.746;33.703;63.449;;;;;;;;;
8/30/17;-61;-25;-86;;29.685;33.678;63.363;;;;;;;;;
8/31/17;15;25;40;;29.700;33.703;63.403;;;;;;;;;
9/1/17;-17;2;-15;;29.683;33.705;63.388;;;;;;;;;
9/2/17;27;28;55;;29.710;33.733;63.443;;;;;;;;;
9/3/17;25;48;73;;29.735;33.781;63.516;;;;;;;;;
9/4/17;-7;14;7;;29.728;33.795;63.523;;;;;;;;;
9/5/17;19;29;48;;29.747;33.824;63.571;;;;;;;;;
9/6/17;-76;-32;-108;;29.671;33.792;63.463;;;;;;;;;
9/7/17;10;15;25;;29.681;33.807;63.488;;;;;;;;;
9/8/17;-7;24;17;;29.674;33.831;63.505;;;;;;;;;
9/9/17;31;38;69;;29.705;33.869;63.574;;;;;;;;;
9/10/17;36;67;103;;29.741;33.936;63.677;;;;;;;;;
9/11/17;0;-13;-13;;29.741;33.923;63.664;;;;;;;;;
9/12/17;-10;-14;-24;;29.731;33.909;63.640;;;;;;;;;
9/13/17;-117;-128;-245;;29.614;33.781;63.395;;;;;;;;;
9/14/17;-44;-12;-56;;29.570;33.769;63.339;;;;;;;;;
9/15/17;-14;-17;-31;;29.556;33.752;63.308;;;;;;;;;
9/16/17;47;38;85;;29.603;33.790;63.393;;;;;;;;;
9/17/17;61;58;119;;29.664;33.848;63.512;;;;;;;;;
9/18/17;-9;3;-6;;29.655;33.851;63.506;;;;;;;;;
9/19/17;-33;-9;-42;;29.622;33.842;63.464;;;;;;;;;
9/20/17;-4;51;47;;29.618;33.893;63.511;;;;;;;;;
9/21/17;-152;-167;-319;;29.466;33.726;63.192;;;;;;;;;
9/22/17;-12;-3;-15;;29.454;33.723;63.177;;;;;;;;;
9/23/17;52;45;97;;29.506;33.768;63.274;;;;;;;;;
9/24/17;41;42;83;;29.547;33.810;63.357;;;;;;;;;
9/25/17;4;18;22;;29.551;33.828;63.379;;;;;;;;;
9/26/17;-27;12;-15;;29.524;33.840;63.364;;;;;;;;;
9/27/17;-85;-63;-148;;29.439;33.777;63.216;;;;;;;;;
9/28/17;-32;9;-23;;29.407;33.786;63.193;;;;;;;;;
9/29/17;4;7;11;;29.411;33.793;63.204;;;;;;;;;
9/30/17;56;64;120;;29.467;33.857;63.324;;;;;;;;;
10/1/17;49;76;125;;29.516;33.933;63.449;;;;;;;;;
10/2/17;16;64;80;;29.532;33.997;63.529;;;;;;;;;
10/3/17;35;50;85;;29.567;34.047;63.614;;;;;;;;;
10/4/17;5;80;85;;29.572;34.127;63.699;;;;;;;;;
10/5/17;-69;-98;-167;;29.503;34.029;63.532;;;;;;;;;
10/6/17;-35;40;5;;29.468;34.069;63.537;;;;;;;;;
10/7/17;39;69;108;;29.507;34.138;63.645;;;;;;;;;
10/8/17;47;77;124;;29.554;34.215;63.769;;;;;;;;;
10/9/17;-8;1;-7;;29.546;34.216;63.762;;;;;;;;;
10/10/17;-12;-2;-14;;29.534;34.214;63.748;;;;;;;;;
10/11/17;-86;-54;-140;;29.448;34.160;63.608;;;;;;;;;
10/12/17;59;84;143;;29.507;34.244;63.751;;;;;;;;;
10/13/17;-34;25;-9;;29.473;34.269;63.742;;;;;;;;;
10/14/17;31;50;81;;29.504;34.319;63.823;;;;;;;;;
10/15/17;53;82;135;;29.557;34.401;63.958;;;;;;;;;
10/16/17;-13;49;36;;29.544;34.450;63.994;;;;;;;;;
10/17/17;-19;26;7;;29.525;34.476;64.001;;;;;;;;;
10/18/17;-16;0;-16;;29.509;34.476;63.985;;;;;;;;;
10/19/17;-41;48;7;;29.468;34.524;63.992;;;;;;;;;
10/20/17;-41;-66;-107;;29.427;34.458;63.885;;;;;;;;;
10/21/17;13;26;39;;29.440;34.484;63.924;;;;;;;;;
10/22/17;33;90;123;;29.473;34.574;64.047;;;;;;;;;
10/23/17;-1;25;24;;29.472;34.599;64.071;;;;;;;;;
10/24/17;-37;-3;-40;;29.435;34.596;64.031;;;;;;;;;
10/25/17;-6;-98;-104;;29.429;34.498;63.927;;;;;;;;;
10/26/17;-3;17;14;;29.426;34.515;63.941;;;;;;;;;
10/27/17;1;32;33;;29.427;34.547;63.974;;;;;;;;;
10/28/17;31;78;109;;29.458;34.625;64.083;;;;;;;;;
10/29/17;37;80;117;;29.495;34.705;64.200;;;;;;;;;
10/30/17;-11;17;6;;29.484;34.722;64.206;;;;;;;;;
10/31/17;11;27;38;;29.495;34.749;64.244;;;;;;;;;
11/1/17;30;89;119;;29.525;34.838;64.363;;;;;;;;;
11/2/17;-21;-2;-23;;29.504;34.836;64.340;;;;;;;;;
11/3/17;-4;10;6;;29.500;34.846;64.346;;;;;;;;;
11/4/17;27;83;110;;29.527;34.929;64.456;;;;;;;;;
11/5/17;33;88;121;;29.560;35.017;64.577;;;;;;;;;
11/6/17;-6;18;12;;29.554;35.035;64.589;;;;;;;;;
11/7/17;-7;5;-2;;29.547;35.040;64.587;;;;;;;;;
11/8/17;-7;-1;-8;;29.540;35.039;64.579;;;;;;;;;
11/9/17;18;49;67;;29.558;35.088;64.646;;;;;;;;;
11/10/17;-55;-30;-85;;29.503;35.058;64.561;;;;;;;;;
11/11/17;20;63;83;;29.523;35.121;64.644;;;;;;;;;
11/12/17;21;37;58;;29.544;35.158;64.702;;;;;;;;;
11/13/17;-10;9;-1;;29.534;35.167;64.701;;;;;;;;;
11/14/17;-35;-7;-42;;29.499;35.160;64.659;;;;;;;;;
11/15/17;-8;6;-2;;29.491;35.166;64.657;;;;;;;;;
11/16/17;-46;-24;-70;;29.445;35.142;64.587;;;;;;;;;
11/17/17;8;9;17;;29.453;35.151;64.604;;;;;;;;;
11/18/17;9;50;59;;29.462;35.201;64.663;;;;;;;;;
11/19/17;26;50;76;;29.488;35.251;64.739;;;;;;;;;
11/20/17;6;16;22;;29.494;35.267;64.761;;;;;;;;;
11/21/17;-41;-16;-57;;29.453;35.251;64.704;;;;;;;;;
11/22/17;-38;-17;-55;;29.415;35.234;64.649;;;;;;;;;
11/23/17;-12;8;-4;;29.403;35.242;64.645;;;;;;;;;
11/24/17;-3;16;13;;29.400;35.258;64.658;;;;;;;;;
11/25/17;19;48;67;;29.419;35.306;64.725;;;;;;;;;
11/26/17;16;37;53;;29.435;35.343;64.778;;;;;;;;;
11/27/17;-12;6;-6;;29.423;35.349;64.772;;;;;;;;;
11/28/17;-12;0;-12;;29.411;35.349;64.760;;;;;;;;;
11/29/17;-28;-23;-51;;29.383;35.326;64.709;;;;;;;;;
11/30/17;1;13;14;;29.384;35.339;64.723;;;;;;;;;
12/1/17;-6;6;0;;29.378;35.345;64.723;;;;;;;;;
12/2/17;9;26;35;;29.387;35.371;64.758;;;;;;;;;
12/3/17;10;25;35;;29.397;35.396;64.793;;;;;;;;;
12/4/17;-13;5;-8;;29.384;35.401;64.785;;;;;;;;;
12/5/17;-4;14;10;;29.380;35.415;64.795;;;;;;;;;
12/6/17;14;26;40;;29.394;35.441;64.835;;;;;;;;;
12/7/17;-22;-8;-30;;29.372;35.433;64.805;;;;;;;;;
12/8/17;4;21;25;;29.376;35.454;64.830;;;;;;;;;
12/9/17;15;25;40;;29.391;35.479;64.870;;;;;;;;;
12/10/17;-3;20;17;;29.388;35.499;64.887;;;;;;;;;
12/11/17;-10;-18;-28;;29.378;35.481;64.859;;;;;;;;;
12/12/17;1;6;7;;29.379;35.487;64.866;;;;;;;;;
12/13/17;-6;6;0;;29.373;35.493;64.866;;;;;;;;;
12/14/17;-12;15;3;;29.361;35.508;64.869;;;;;;;;;
12/15/17;-22;-26;-48;;29.339;35.482;64.821;;;;;;;;;
12/16/17;8;26;34;;29.347;35.508;64.855;;;;;;;;;
12/17/17;14;13;27;;29.361;35.521;64.882;;;;;;;;;
12/18/17;2;-2;0;;29.363;35.519;64.882;;;;;;;;;
12/19/17;-23;-18;-41;;29.340;35.501;64.841;;;;;;;;;
12/20/17;-38;-61;-99;;29.302;35.440;64.742;;;;;;;;;
12/21/17;-25;12;-13;;29.277;35.452;64.729;;;;;;;;;
12/22/17;-7;12;5;;29.270;35.464;64.734;;;;;;;;;
12/23/17;15;12;27;;29.285;35.476;64.761;;;;;;;;;
12/24/17;4;10;14;;29.289;35.486;64.775;;;;;;;;;
12/25/17;-2;22;20;;29.287;35.508;64.795;;;;;;;;;
12/26/17;-1;7;6;;29.286;35.515;64.801;;;;;;;;;
12/27/17;-4;11;7;;29.282;35.526;64.808;;;;;;;;;
12/28/17;-11;-18;-29;;29.271;35.508;64.779;;;;;;;;;
12/29/17;6;8;14;;29.277;35.516;64.793;;;;;;;;;
12/30/17;2;38;40;;29.279;35.554;64.833;;;;;;;;;
12/31/17;5;5;10;;29.284;35.559;64.843;;;;;;;;;
1/1/18;4;24;28;;29.288;35.583;64.871;;;;;;;;;
1/2/18;6;26;32;;29.294;35.609;64.903;;;;;;;;;
1/3/18;0;13;13;;29.294;35.622;64.916;;;;;;;;;
1/4/18;8;17;25;;29.302;35.639;64.941;;;;;;;;;
1/5/18;-28;-23;-51;;29.274;35.616;64.890;;;;;;;;;
1/6/18;-2;11;9;;29.272;35.627;64.899;;;;;;;;;
1/7/18;2;13;15;;29.274;35.640;64.914;;;;;;;;;
1/8/18;-1;11;10;;29.273;35.651;64.924;;;;;;;;;
1/9/18;-9;2;-7;;29.264;35.653;64.917;;;;;;;;;
1/10/18;-13;8;-5;;29.251;35.661;64.912;;;;;;;;;
1/11/18;-32;-20;-52;;29.219;35.641;64.860;;;;;;;;;
1/12/18;-3;14;11;;29.216;35.655;64.871;;;;;;;;;
1/13/18;3;17;20;;29.219;35.672;64.891;;;;;;;;;
1/14/18;13;23;36;;29.232;35.695;64.927;;;;;;;;;
1/15/18;-12;6;-6;;29.220;35.701;64.921;;;;;;;;;
1/16/18;-2;4;2;;29.218;35.705;64.923;;;;;;;;;
1/17/18;-36;-8;-44;;29.182;35.697;64.879;;;;;;;;;
1/18/18;-7;11;4;;29.175;35.708;64.883;;;;;;;;;
1/19/18;1;12;13;;29.176;35.720;64.896;;;;;;;;;
1/20/18;9;30;39;;29.185;35.750;64.935;;;;;;;;;
1/21/18;16;63;79;;29.201;35.813;65.014;;;;;;;;;
1/22/18;-12;28;16;;29.189;35.841;65.030;;;;;;;;;
1/23/18;0;-2;-2;;29.189;35.839;65.028;;;;;;;;;
1/24/18;-9;25;16;;29.180;35.864;65.044;;;;;;;;;
1/25/18;-21;21;0;;29.159;35.885;65.044;;;;;;;;;
1/26/18;-2;-65;-67;;29.157;35.820;64.977;;;;;;;;;
1/27/18;9;35;44;;29.166;35.855;65.021;;;;;;;;;
1/28/18;19;28;47;;29.185;35.883;65.068;;;;;;;;;
1/29/18;11;6;17;;29.196;35.889;65.085;;;;;;;;;
1/30/18;4;22;26;;29.200;35.911;65.111;;;;;;;;;
1/31/18;-26;1;-25;;29.174;35.912;65.086;;;;;;;;;
2/1/18;-5;-15;-20;;29.169;35.897;65.066;;;;;;;;;
2/2/18;-8;4;-4;;29.161;35.901;65.062;;;;;;;;;
2/3/18;17;24;41;;29.178;35.925;65.103;;;;;;;;;
2/4/18;5;6;11;;29.183;35.931;65.114;;;;;;;;;
2/5/18;-23;-14;-37;;29.160;35.917;65.077;;;;;;;;;
2/6/18;-8;8;0;;29.152;35.925;65.077;;;;;;;;;
2/7/18;-21;-25;-46;;29.131;35.900;65.031;;;;;;;;;
2/8/18;-18;-13;-31;;29.113;35.887;65.000;;;;;;;;;
2/9/18;-18;6;-12;;29.095;35.893;64.988;;;;;;;;;
2/10/18;3;29;32;;29.098;35.922;65.020;;;;;;;;;
2/11/18;9;46;55;;29.107;35.968;65.075;;;;;;;;;
2/12/18;-14;7;-7;;29.093;35.975;65.068;;;;;;;;;
2/13/18;7;-1;6;;29.100;35.974;65.074;;;;;;;;;
2/14/18;-25;-29;-54;;29.075;35.945;65.020;;;;;;;;;
2/15/18;-15;1;-14;;29.060;35.946;65.006;;;;;;;;;
2/16/18;2;24;26;;29.062;35.970;65.032;;;;;;;;;
2/17/18;16;46;62;;29.078;36.016;65.094;;;;;;;;;
2/18/18;22;44;66;;29.100;36.060;65.160;;;;;;;;;
2/19/18;-10;3;-7;;29.090;36.063;65.153;;;;;;;;;
2/20/18;0;3;3;;29.090;36.066;65.156;;;;;;;;;
2/21/18;-14;3;-11;;29.076;36.069;65.145;;;;;;;;;
2/22/18;-4;0;-4;;29.072;36.069;65.141;;;;;;;;;
2/23/18;-9;19;10;;29.063;36.088;65.151;;;;;;;;;
2/24/18;16;36;52;;29.079;36.124;65.203;;;;;;;;;
2/25/18;12;24;36;;29.091;36.148;65.239;;;;;;;;;
2/26/18;1;1;2;;29.092;36.149;65.241;;;;;;;;;
2/27/18;-6;-3;-9;;29.086;36.146;65.232;;;;;;;;;
2/28/18;-43;-30;-73;;29.043;36.116;65.159;;;;;;;;;
3/1/18;-19;-25;-44;;29.024;36.091;65.115;;;;;;;;;
3/2/18;-11;-17;-28;;29.013;36.074;65.087;;;;;;;;;
3/3/18;9;1;10;;29.022;36.075;65.097;;;;;;;;;
3/4/18;18;29;47;;29.040;36.104;65.144;;;;;;;;;
3/5/18;1;1;2;;29.041;36.105;65.146;;;;;;;;;
3/6/18;-10;1;-9;;29.031;36.106;65.137;;;;;;;;;
3/7/18;-3;30;27;;29.028;36.136;65.164;;;;;;;;;
3/8/18;-24;-44;-68;;29.004;36.092;65.096;;;;;;;;;
3/9/18;-13;-7;-20;;28.991;36.085;65.076;;;;;;;;;
3/10/18;0;1;1;;28.991;36.086;65.077;;;;;;;;;
3/11/18;4;17;21;;28.995;36.103;65.098;;;;;;;;;
3/12/18;-21;7;-14;;28.974;36.110;65.084;;;;;;;;;
3/13/18;-31;13;-18;;28.943;36.123;65.066;;;;;;;;;
3/14/18;-41;-40;-81;;28.902;36.083;64.985;;;;;;;;;
3/15/18;6;-4;2;;28.908;36.079;64.987;;;;;;;;;
3/16/18;-12;-3;-15;;28.896;36.076;64.972;;;;;;;;;
3/17/18;17;17;34;;28.913;36.093;65.006;;;;;;;;;
3/18/18;20;40;60;;28.933;36.133;65.066;;;;;;;;;
3/19/18;-16;-26;-42;;28.917;36.107;65.024;;;;;;;;;
3/20/18;-18;-24;-42;;28.899;36.083;64.982;;;;;;;;;
3/21/18;-81;-41;-122;;28.818;36.042;64.860;;;;;;;;;
3/22/18;1;-13;-12;;28.819;36.029;64.848;;;;;;;;;
3/23/18;2;-18;-16;;28.821;36.011;64.832;;;;;;;;;
3/24/18;0;26;26;;28.821;36.037;64.858;;;;;;;;;
3/25/18;2;30;32;;28.823;36.067;64.890;;;;;;;;;
3/26/18;-1;-10;-11;;28.822;36.057;64.879;;;;;;;;;
3/27/18;-22;37;15;;28.800;36.094;64.894;;;;;;;;;
3/28/18;-39;-53;-92;;28.761;36.041;64.802;;;;;;;;;
3/29/18;8;34;42;;28.769;36.075;64.844;;;;;;;;;
3/30/18;12;20;32;;28.781;36.095;64.876;;;;;;;;;
3/31/18;0;1;1;;28.781;36.096;64.877;;;;;;;;;
4/1/18;22;37;59;;28.803;36.133;64.936;;;;;;;;;
4/2/18;-19;8;-11;;28.784;36.141;64.925;;;;;;;;;
4/3/18;5;5;10;;28.789;36.146;64.935;;;;;;;;;
4/4/18;-5;19;14;;28.784;36.165;64.949;;;;;;;;;
4/5/18;-7;35;28;;28.777;36.200;64.977;;;;;;;;;
4/6/18;-24;-35;-59;;28.753;36.165;64.918;;;;;;;;;
4/7/18;3;25;28;;28.756;36.190;64.946;;;;;;;;;
4/8/18;13;31;44;;28.769;36.221;64.990;;;;;;;;;
4/9/18;-23;3;-20;;28.746;36.224;64.970;;;;;;;;;
4/10/18;-15;-33;-48;;28.731;36.191;64.922;;;;;;;;;
4/11/18;-97;-118;-215;;28.634;36.073;64.707;;;;;;;;;
4/12/18;-6;-23;-29;;28.628;36.050;64.678;;;;;;;;;
4/13/18;-13;-2;-15;;28.615;36.048;64.663;;;;;;;;;
4/14/18;26;35;61;;28.641;36.083;64.724;;;;;;;;;
4/15/18;17;53;70;;28.658;36.136;64.794;;;;;;;;;
4/16/18;-8;1;-7;;28.650;36.137;64.787;;;;;;;;;
4/17/18;16;22;38;;28.666;36.159;64.825;;;;;;;;;
4/18/18;-53;-54;-107;;28.613;36.105;64.718;;;;;;;;;
4/19/18;11;23;34;;28.624;36.128;64.752;;;;;;;;;
4/20/18;4;21;25;;28.628;36.149;64.777;;;;;;;;;
4/21/18;28;63;91;;28.656;36.212;64.868;;;;;;;;;
4/22/18;15;78;93;;28.671;36.290;64.961;;;;;;;;;
4/23/18;-2;11;9;;28.669;36.301;64.970;;;;;;;;;
4/24/18;-2;28;26;;28.667;36.329;64.996;;;;;;;;;
4/25/18;-27;-15;-42;;28.640;36.314;64.954;;;;;;;;;
4/26/18;3;12;15;;28.643;36.326;64.969;;;;;;;;;
4/27/18;-12;28;16;;28.631;36.354;64.985;;;;;;;;;
4/28/18;15;45;60;;28.646;36.399;65.045;;;;;;;;;
4/29/18;14;14;28;;28.660;36.413;65.073;;;;;;;;;
4/30/18;-21;-2;-23;;28.639;36.411;65.050;;;;;;;;;
5/1/18;11;67;78;;28.650;36.478;65.128;;;;;;;;;
5/2/18;23;57;80;;28.673;36.535;65.208;;;;;;;;;
5/3/18;-4;13;9;;28.669;36.548;65.217;;;;;;;;;
5/4/18;14;58;72;;28.683;36.606;65.289;;;;;;;;;
5/5/18;-35;7;-28;;28.648;36.613;65.261;;;;;;;;;
5/6/18;27;90;117;;28.675;36.703;65.378;;;;;;;;;
5/7/18;-9;8;-1;;28.666;36.711;65.377;;;;;;;;;
5/8/18;4;37;41;;28.670;36.748;65.418;;;;;;;;;
5/9/18;8;28;36;;28.678;36.776;65.454;;;;;;;;;
5/10/18;10;59;69;;28.688;36.835;65.523;;;;;;;;;
5/11/18;-18;4;-14;;28.670;36.839;65.509;;;;;;;;;
5/12/18;15;69;84;;28.685;36.908;65.593;;;;;;;;;
5/13/18;19;83;102;;28.704;36.991;65.695;;;;;;;;;
5/14/18;-55;-50;-105;;28.649;36.941;65.590;;;;;;;;;
5/15/18;22;83;105;;28.671;37.024;65.695;;;;;;;;;
5/16/18;-24;25;1;;28.647;37.049;65.696;;;;;;;;;
5/17/18;-75;19;-56;;28.572;37.068;65.640;;;;;;;;;
5/18/18;-6;16;10;;28.566;37.084;65.650;;;;;;;;;
5/19/18;28;52;80;;28.594;37.136;65.730;;;;;;;;;
5/20/18;22;70;92;;28.616;37.206;65.822;;;;;;;;;
5/21/18;-20;29;9;;28.596;37.235;65.831;;;;;;;;;
5/22/18;-3;-4;-7;;28.593;37.231;65.824;;;;;;;;;
5/23/18;-1;6;5;;28.592;37.237;65.829;;;;;;;;;
5/24/18;-44;-29;-73;;28.548;37.208;65.756;;;;;;;;;
5/25/18;-53;-35;-88;;28.495;37.173;65.668;;;;;;;;;
5/26/18;27;47;74;;28.522;37.220;65.742;;;;;;;;;
5/27/18;0;74;74;;28.522;37.294;65.816;;;;;;;;;
5/28/18;-26;-1;-27;;28.496;37.293;65.789;;;;;;;;;
5/29/18;-11;1;-10;;28.485;37.294;65.779;;;;;;;;;
5/30/18;-62;-77;-139;;28.423;37.217;65.640;;;;;;;;;
5/31/18;-14;-10;-24;;28.409;37.207;65.616;;;;;;;;;
6/1/18;-14;22;8;;28.395;37.229;65.624;;;;;;;;;
6/2/18;13;55;68;;28.408;37.284;65.692;;;;;;;;;
6/3/18;15;66;81;;28.423;37.350;65.773;;;;;;;;;
6/4/18;-9;15;6;;28.414;37.365;65.779;;;;;;;;;
6/5/18;-31;14;-17;;28.383;37.379;65.762;;;;;;;;;
6/6/18;-58;-49;-107;;28.325;37.330;65.655;;;;;;;;;
6/7/18;5;-13;-8;;28.330;37.317;65.647;;;;;;;;;
6/8/18;-12;-17;-29;;28.318;37.300;65.618;;;;;;;;;
6/9/18;-14;98;84;;28.304;37.398;65.702;;;;;;;;;
6/10/18;9;48;57;;28.313;37.446;65.759;;;;;;;;;
6/11/18;-13;4;-9;;28.300;37.450;65.750;;;;;;;;;
6/12/18;-5;13;8;;28.295;37.463;65.758;;;;;;;;;
6/13/18;-83;-58;-141;;28.212;37.405;65.617;;;;;;;;;
6/14/18;-5;3;-2;;28.207;37.408;65.615;;;;;;;;;
6/15/18;-13;5;-8;;28.194;37.413;65.607;;;;;;;;;
6/16/18;25;43;68;;28.219;37.456;65.675;;;;;;;;;
6/17/18;29;75;104;;28.248;37.531;65.779;;;;;;;;;
6/18/18;-11;-7;-18;;28.237;37.524;65.761;;;;;;;;;
6/19/18;-26;31;5;;28.211;37.555;65.766;;;;;;;;;
6/20/18;-65;-40;-105;;28.146;37.515;65.661;;;;;;;;;
6/21/18;-15;4;-11;;28.131;37.519;65.650;;;;;;;;;
6/22/18;-10;-8;-18;;28.121;37.511;65.632;;;;;;;;;
6/23/18;19;32;51;;28.140;37.543;65.683;;;;;;;;;
6/24/18;12;67;79;;28.152;37.610;65.762;;;;;;;;;
6/25/18;-1;-7;-8;;28.151;37.603;65.754;;;;;;;;;
6/26/18;-3;12;9;;28.148;37.615;65.763;;;;;;;;;
6/27/18;-60;-36;-96;;28.088;37.579;65.667;;;;;;;;;
6/28/18;-7;14;7;;28.081;37.593;65.674;;;;;;;;;
6/29/18;-11;13;2;;28.070;37.606;65.676;;;;;;;;;
6/30/18;22;61;83;;28.092;37.667;65.759;;;;;;;;;
7/1/18;19;43;62;;28.111;37.710;65.821;;;;;;;;;
7/2/18;-14;31;17;;28.097;37.741;65.838;;;;;;;;;
7/3/18;-26;38;12;;28.071;37.779;65.850;;;;;;;;;
7/4/18;-46;-52;-98;;28.025;37.727;65.752;;;;;;;;;
7/5/18;-1;22;21;;28.024;37.749;65.773;;;;;;;;;
7/6/18;-26;14;-12;;27.998;37.763;65.761;;;;;;;;;
7/7/18;24;43;67;;28.022;37.806;65.828;;;;;;;;;
7/8/18;23;58;81;;28.045;37.864;65.909;;;;;;;;;
7/9/18;-5;0;-5;;28.040;37.864;65.904;;;;;;;;;
7/10/18;-12;28;16;;28.028;37.892;65.920;;;;;;;;;
7/11/18;-82;-78;-160;;27.946;37.814;65.760;;;;;;;;;
7/12/18;-9;-7;-16;;27.937;37.807;65.744;;;;;;;;;
7/13/18;-17;7;-10;;27.920;37.814;65.734;;;;;;;;;
7/14/18;16;34;50;;27.936;37.848;65.784;;;;;;;;;
7/15/18;9;25;34;;27.945;37.873;65.818;;;;;;;;;
7/16/18;-11;13;2;;27.934;37.886;65.820;;;;;;;;;
7/17/18;-16;28;12;;27.918;37.914;65.832;;;;;;;;;
7/18/18;-68;-66;-134;;27.850;37.848;65.698;;;;;;;;;
7/19/18;-103;-73;-176;;27.747;37.775;65.522;;;;;;;;;
7/20/18;-18;-20;-38;;27.729;37.755;65.484;;;;;;;;;
7/21/18;18;27;45;;27.747;37.782;65.529;;;;;;;;;
7/22/18;4;40;44;;27.751;37.822;65.573;;;;;;;;;
7/23/18;-40;0;-40;;27.711;37.822;65.533;;;;;;;;;
7/24/18;-10;-7;-17;;27.701;37.815;65.516;;;;;;;;;
7/25/18;-78;-57;-135;;27.623;37.758;65.381;;;;;;;;;
7/26/18;-29;2;-27;;27.594;37.760;65.354;;;;;;;;;
7/27/18;-19;3;-16;;27.575;37.763;65.338;;;;;;;;;
7/28/18;11;61;72;;27.586;37.824;65.410;;;;;;;;;
7/29/18;25;76;101;;27.611;37.900;65.511;;;;;;;;;
7/30/18;-19;37;18;;27.592;37.937;65.529;;;;;;;;;
7/31/18;-13;24;11;;27.579;37.961;65.540;;;;;;;;;
8/1/18;24;65;89;;27.603;38.026;65.629;;;;;;;;;
8/2/18;-75;45;-30;;27.528;38.071;65.599;;;;;;;;;
8/3/18;-36;-126;-162;;27.492;37.945;65.437;;;;;;;;;
8/4/18;18;24;42;;27.510;37.969;65.479;;;;;;;;;
8/5/18;22;55;77;;27.532;38.024;65.556;;;;;;;;;
8/6/18;-17;20;3;;27.515;38.044;65.559;;;;;;;;;
8/7/18;-2;0;-2;;27.513;38.044;65.557;;;;;;;;;
8/8/18;-66;-41;-107;;27.447;38.003;65.450;;;;;;;;;
8/9/18;0;5;5;;27.447;38.008;65.455;;;;;;;;;
8/10/18;-31;10;-21;;27.416;38.018;65.434;;;;;;;;;
8/11/18;9;51;60;;27.425;38.069;65.494;;;;;;;;;
8/12/18;13;50;63;;27.438;38.119;65.557;;;;;;;;;
8/13/18;-28;-10;-38;;27.410;38.109;65.519;;;;;;;;;
8/14/18;-23;33;10;;27.387;38.142;65.529;;;;;;;;;
8/15/18;14;51;65;;27.401;38.193;65.594;;;;;;;;;
8/16/18;-52;-72;-124;;27.349;38.121;65.470;;;;;;;;;
8/17/18;-19;-7;-26;;27.330;38.114;65.444;;;;;;;;;
8/18/18;20;43;63;;27.350;38.157;65.507;;;;;;;;;
8/19/18;14;39;53;;27.364;38.196;65.560;;;;;;;;;
8/20/18;7;31;38;;27.371;38.227;65.598;;;;;;;;;
8/21/18;9;19;28;;27.380;38.246;65.626;;;;;;;;;
8/22/18;2;59;61;;27.382;38.305;65.687;;;;;;;;;
8/23/18;-17;27;10;;27.365;38.332;65.697;;;;;;;;;
8/24/18;-41;-29;-70;;27.324;38.303;65.627;;;;;;;;;
8/25/18;10;66;76;;27.334;38.369;65.703;;;;;;;;;
8/26/18;22;81;103;;27.356;38.450;65.806;;;;;;;;;
8/27/18;16;60;76;;27.372;38.510;65.882;;;;;;;;;
8/28/18;-48;-53;-101;;27.324;38.457;65.781;;;;;;;;;
8/29/18;-51;-17;-68;;27.273;38.440;65.713;;;;;;;;;
8/30/18;9;29;38;;27.282;38.469;65.751;;;;;;;;;
8/31/18;-9;27;18;;27.273;38.496;65.769;;;;;;;;;
9/1/18;26;94;120;;27.299;38.590;65.889;;;;;;;;;
9/2/18;38;83;121;;27.337;38.673;66.010;;;;;;;;;
9/3/18;-13;65;52;;27.324;38.738;66.062;;;;;;;;;
9/4/18;-4;100;96;;27.320;38.838;66.158;;;;;;;;;
9/5/18;-61;7;-54;;27.259;38.845;66.104;;;;;;;;;
9/6/18;7;41;48;;27.266;38.886;66.152;;;;;;;;;
9/7/18;-25;22;-3;;27.241;38.908;66.149;;;;;;;;;
9/8/18;19;26;45;;27.260;38.934;66.194;;;;;;;;;
9/9/18;30;91;121;;27.290;39.025;66.315;;;;;;;;;
9/10/18;1;43;44;;27.291;39.068;66.359;;;;;;;;;
9/11/18;-23;68;45;;27.268;39.136;66.404;;;;;;;;;
9/12/18;-92;-55;-147;;27.176;39.081;66.257;;;;;;;;;
9/13/18;-28;37;9;;27.148;39.118;66.266;;;;;;;;;
9/14/18;-17;35;18;;27.131;39.153;66.284;;;;;;;;;
9/15/18;16;103;119;;27.147;39.256;66.403;;;;;;;;;
9/16/18;23;90;113;;27.170;39.346;66.516;;;;;;;;;
9/17/18;-29;20;-9;;27.141;39.366;66.507;;;;;;;;;
9/18/18;-7;24;17;;27.134;39.390;66.524;;;;;;;;;
9/19/18;-43;82;39;;27.091;39.472;66.563;;;;;;;;;
9/20/18;-66;-93;-159;;27.025;39.379;66.404;;;;;;;;;
9/21/18;-17;39;22;;27.008;39.418;66.426;;;;;;;;;
9/22/18;7;133;140;;27.015;39.551;66.566;;;;;;;;;
9/23/18;20;115;135;;27.035;39.666;66.701;;;;;;;;;
9/24/18;-10;72;62;;27.025;39.738;66.763;;;;;;;;;
9/25/18;-13;-36;-49;;27.012;39.702;66.714;;;;;;;;;
9/26/18;-95;-36;-131;;26.917;39.666;66.583;;;;;;;;;
9/27/18;-2;41;39;;26.915;39.707;66.622;;;;;;;;;
9/28/18;-26;29;3;;26.889;39.736;66.625;;;;;;;;;
9/29/18;24;109;133;;26.913;39.845;66.758;;;;;;;;;
9/30/18;26;140;166;;26.939;39.985;66.924;;;;;;;;;
10/1/18;-30;38;8;;26.909;40.023;66.932;;;;;;;;;
10/2/18;-20;10;-10;;26.889;40.033;66.922;;;;;;;;;
10/3/18;-101;-59;-160;;26.788;39.974;66.762;;;;;;;;;
10/4/18;-37;41;4;;26.751;40.015;66.766;;;;;;;;;
10/5/18;-24;6;-18;;26.727;40.021;66.748;;;;;;;;;
10/6/18;13;106;119;;26.740;40.127;66.867;;;;;;;;;
10/7/18;23;86;109;;26.763;40.213;66.976;;;;;;;;;
10/8/18;-40;3;-37;;26.723;40.216;66.939;;;;;;;;;
10/9/18;10;-57;-47;;26.733;40.159;66.892;;;;;;;;;
10/10/18;-106;-92;-198;;26.627;40.067;66.694;;;;;;;;;
10/11/18;-39;-22;-61;;26.588;40.045;66.633;;;;;;;;;
10/12/18;10;61;71;;26.598;40.106;66.704;;;;;;;;;
10/13/18;20;68;88;;26.618;40.174;66.792;;;;;;;;;
10/14/18;8;43;51;;26.626;40.217;66.843;;;;;;;;;
10/15/18;-32;-19;-51;;26.594;40.198;66.792;;;;;;;;;
10/16/18;-5;39;34;;26.589;40.237;66.826;;;;;;;;;
10/17/18;-52;-37;-89;;26.537;40.200;66.737;;;;;;;;;
10/18/18;-87;-93;-180;;26.450;40.107;66.557;;;;;;;;;
10/19/18;-38;-7;-45;;26.412;40.100;66.512;;;;;;;;;
10/20/18;16;27;43;;26.428;40.127;66.555;;;;;;;;;
10/21/18;29;43;72;;26.457;40.170;66.627;;;;;;;;;
10/22/18;-24;-9;-33;;26.433;40.161;66.594;;;;;;;;;
10/23/18;-12;-29;-41;;26.421;40.132;66.553;;;;;;;;;
10/24/18;-111;-121;-232;;26.310;40.011;66.321;;;;;;;;;
10/25/18;-31;19;-12;;26.279;40.030;66.309;;;;;;;;;
10/26/18;-13;2;-11;;26.266;40.032;66.298;;;;;;;;;
10/27/18;11;12;23;;26.277;40.044;66.321;;;;;;;;;
10/28/18;10;15;25;;26.287;40.059;66.346;;;;;;;;;
10/29/18;-4;-27;-31;;26.283;40.032;66.315;;;;;;;;;
10/30/18;-21;-40;-61;;26.262;39.992;66.254;;;;;;;;;
10/31/18;-55;-108;-163;;26.207;39.884;66.091;;;;;;;;;
11/1/18;3;47;50;;26.210;39.931;66.141;;;;;;;;;
11/2/18;-11;-13;-24;;26.199;39.918;66.117;;;;;;;;;
11/3/18;5;23;28;;26.204;39.941;66.145;;;;;;;;;
11/4/18;24;24;48;;26.228;39.965;66.193;;;;;;;;;
11/5/18;-41;-11;-52;;26.187;39.954;66.141;;;;;;;;;
11/6/18;-5;-18;-23;;26.182;39.936;66.118;;;;;;;;;
11/7/18;-25;-15;-40;;26.157;39.921;66.078;;;;;;;;;
11/8/18;-55;-83;-138;;26.102;39.838;65.940;;;;;;;;;
11/9/18;15;38;53;;26.117;39.876;65.993;;;;;;;;;
11/10/18;56;-57;-1;;26.173;39.819;65.992;;;;;;;;;
11/11/18;19;14;33;;26.192;39.833;66.025;;;;;;;;;
11/12/18;21;-36;-15;;26.213;39.797;66.010;;;;;;;;;
11/13/18;-7;-19;-26;;26.206;39.778;65.984;;;;;;;;;
11/14/18;-47;-72;-119;;26.159;39.706;65.865;;;;;;;;;
11/15/18;-45;-70;-115;;26.114;39.636;65.750;;;;;;;;;
11/16/18;1;10;11;;26.115;39.646;65.761;;;;;;;;;
11/17/18;12;53;65;;26.127;39.699;65.826;;;;;;;;;
11/18/18;6;20;26;;26.133;39.719;65.852;;;;;;;;;
11/19/18;6;-13;-7;;26.139;39.706;65.845;;;;;;;;;
11/20/18;-23;-23;-46;;26.116;39.683;65.799;;;;;;;;;
11/21/18;-86;11;-75;;26.030;39.694;65.724;;;;;;;;;
11/22/18;-12;-87;-99;;26.018;39.607;65.625;;;;;;;;;
11/23/18;-3;2;-1;;26.015;39.609;65.624;;;;;;;;;
11/24/18;14;-4;10;;26.029;39.605;65.634;;;;;;;;;
11/25/18;4;40;44;;26.033;39.645;65.678;;;;;;;;;
11/26/18;-1;-8;-9;;26.032;39.637;65.669;;;;;;;;;
11/27/18;-10;-20;-30;;26.022;39.617;65.639;;;;;;;;;
11/28/18;-34;-50;-84;;25.988;39.567;65.555;;;;;;;;;
11/29/18;-2;-5;-7;;25.986;39.562;65.548;;;;;;;;;
11/30/18;9;2;11;;25.995;39.564;65.559;;;;;;;;;
12/1/18;9;41;50;;26.004;39.605;65.609;;;;;;;;;
12/2/18;20;39;59;;26.024;39.644;65.668;;;;;;;;;
12/3/18;-15;-7;-22;;26.009;39.637;65.646;;;;;;;;;
12/4/18;3;15;18;;26.012;39.652;65.664;;;;;;;;;
12/5/18;-23;-18;-41;;25.989;39.634;65.623;;;;;;;;;
12/6/18;10;34;44;;25.999;39.668;65.667;;;;;;;;;
12/7/18;-1;4;3;;25.998;39.672;65.670;;;;;;;;;
12/8/18;9;35;44;;26.007;39.707;65.714;;;;;;;;;
12/9/18;13;36;49;;26.020;39.743;65.763;;;;;;;;;
12/10/18;-4;12;8;;26.016;39.755;65.771;;;;;;;;;
12/11/18;-18;-16;-34;;25.998;39.739;65.737;;;;;;;;;
12/12/18;-8;12;4;;25.990;39.751;65.741;;;;;;;;;
12/13/18;-43;-23;-66;;25.947;39.728;65.675;;;;;;;;;
12/14/18;-7;-2;-9;;25.940;39.726;65.666;;;;;;;;;
12/15/18;2;49;51;;25.942;39.775;65.717;;;;;;;;;
12/16/18;4;30;34;;25.946;39.805;65.751;;;;;;;;;
12/17/18;6;0;6;;25.952;39.805;65.757;;;;;;;;;
12/18/18;-33;-9;-42;;25.919;39.796;65.715;;;;;;;;;
12/19/18;-22;-21;-43;;25.897;39.775;65.672;;;;;;;;;
12/20/18;-21;-1;-22;;25.876;39.774;65.650;;;;;;;;;
12/21/18;-20;18;-2;;25.856;39.792;65.648;;;;;;;;;
12/22/18;13;10;23;;25.869;39.802;65.671;;;;;;;;;
12/23/18;8;14;22;;25.877;39.816;65.693;;;;;;;;;
12/24/18;-13;-3;-16;;25.864;39.813;65.677;;;;;;;;;
12/25/18;8;25;33;;25.872;39.838;65.710;;;;;;;;;
12/26/18;-10;8;-2;;25.862;39.846;65.708;;;;;;;;;
12/27/18;-21;-20;-41;;25.841;39.826;65.667;;;;;;;;;
12/28/18;-6;14;8;;25.835;39.840;65.675;;;;;;;;;
12/29/18;5;21;26;;25.840;39.861;65.701;;;;;;;;;
12/30/18;6;21;27;;25.846;39.882;65.728;;;;;;;;;
12/31/18;0;-5;-5;;25.846;39.877;65.723;;;;;;;;;
1/1/19;9;33;42;;25.855;39.910;65.765;;;;;;;;;
1/2/19;-3;8;5;;25.852;39.918;65.770;;;;;;;;;
1/3/19;-13;15;2;;25.839;39.933;65.772;;;;;;;;;
1/4/19;-28;-6;-34;;25.811;39.927;65.738;;;;;;;;;
1/5/19;9;32;41;;25.820;39.959;65.779;;;;;;;;;
1/6/19;6;39;45;;25.826;39.998;65.824;;;;;;;;;
1/7/19;7;38;45;;25.833;40.036;65.869;;;;;;;;;
1/8/19;-23;17;-6;;25.810;40.053;65.863;;;;;;;;;
1/9/19;-5;17;12;;25.805;40.070;65.875;;;;;;;;;
1/10/19;-13;1;-12;;25.792;40.071;65.863;;;;;;;;;
1/11/19;-28;-8;-36;;25.764;40.063;65.827;;;;;;;;;
1/12/19;3;33;36;;25.767;40.096;65.863;;;;;;;;;
1/13/19;13;33;46;;25.780;40.129;65.909;;;;;;;;;
1/14/19;-5;-3;-8;;25.775;40.126;65.901;;;;;;;;;
1/15/19;-6;5;-1;;25.769;40.131;65.900;;;;;;;;;
1/16/19;-13;11;-2;;25.756;40.142;65.898;;;;;;;;;
1/17/19;-58;-38;-96;;25.698;40.104;65.802;;;;;;;;;
1/18/19;-7;7;0;;25.691;40.111;65.802;;;;;;;;;
1/19/19;1;3;4;;25.692;40.114;65.806;;;;;;;;;
1/20/19;11;11;22;;25.703;40.125;65.828;;;;;;;;;
1/21/19;-5;-25;-30;;25.698;40.100;65.798;;;;;;;;;
1/22/19;-6;-17;-23;;25.692;40.083;65.775;;;;;;;;;
1/23/19;-38;-26;-64;;25.654;40.057;65.711;;;;;;;;;
1/24/19;-5;5;0;;25.649;40.062;65.711;;;;;;;;;
1/25/19;-1;34;33;;25.648;40.096;65.744;;;;;;;;;
1/26/19;4;56;60;;25.652;40.152;65.804;;;;;;;;;
1/27/19;24;51;75;;25.676;40.203;65.879;;;;;;;;;
1/28/19;-1;4;3;;25.675;40.207;65.882;;;;;;;;;
1/29/19;-2;-4;-6;;25.673;40.203;65.876;;;;;;;;;
1/30/19;-10;-50;-60;;25.663;40.153;65.816;;;;;;;;;
1/31/19;11;-14;-3;;25.674;40.139;65.813;;;;;;;;;
2/1/19;-2;-12;-14;;25.672;40.127;65.799;;;;;;;;;
2/2/19;4;37;41;;25.676;40.164;65.840;;;;;;;;;
2/3/19;9;38;47;;25.685;40.202;65.887;;;;;;;;;
2/4/19;-6;-14;-20;;25.679;40.188;65.867;;;;;;;;;
2/5/19;-1;20;19;;25.678;40.208;65.886;;;;;;;;;
2/6/19;-19;13;-6;;25.659;40.221;65.880;;;;;;;;;
2/7/19;1;-27;-26;;25.660;40.194;65.854;;;;;;;;;
2/8/19;-7;0;-7;;25.653;40.194;65.847;;;;;;;;;
2/9/19;3;37;40;;25.656;40.231;65.887;;;;;;;;;
2/10/19;12;31;43;;25.668;40.262;65.930;;;;;;;;;
2/11/19;-3;2;-1;;25.665;40.264;65.929;;;;;;;;;
2/12/19;-2;0;-2;;25.663;40.264;65.927;;;;;;;;;
2/13/19;-16;-25;-41;;25.647;40.239;65.886;;;;;;;;;
2/14/19;0;8;8;;25.647;40.247;65.894;;;;;;;;;
2/15/19;3;20;23;;25.650;40.267;65.917;;;;;;;;;
2/16/19;22;54;76;;25.672;40.321;65.993;;;;;;;;;
2/17/19;17;54;71;;25.689;40.375;66.064;;;;;;;;;
2/18/19;6;-6;0;;25.695;40.369;66.064;;;;;;;;;
2/19/19;-3;24;21;;25.692;40.393;66.085;;;;;;;;;
2/20/19;-17;-47;-64;;25.675;40.346;66.021;;;;;;;;;
2/21/19;-7;19;12;;25.668;40.365;66.033;;;;;;;;;
2/22/19;4;19;23;;25.672;40.384;66.056;;;;;;;;;
2/23/19;25;57;82;;25.697;40.441;66.138;;;;;;;;;
2/24/19;18;44;62;;25.715;40.485;66.200;;;;;;;;;
2/25/19;-3;10;7;;25.712;40.495;66.207;;;;;;;;;
2/26/19;5;13;18;;25.717;40.508;66.225;;;;;;;;;
2/27/19;-35;-21;-56;;25.682;40.487;66.169;;;;;;;;;
2/28/19;-11;37;26;;25.671;40.524;66.195;;;;;;;;;
3/1/19;4;32;36;;25.675;40.556;66.231;;;;;;;;;
3/2/19;22;77;99;;25.697;40.633;66.330;;;;;;;;;
3/3/19;12;70;82;;25.709;40.703;66.412;;;;;;;;;
3/4/19;4;12;16;;25.713;40.715;66.428;;;;;;;;;
3/5/19;8;7;15;;25.721;40.722;66.443;;;;;;;;;
3/6/19;-41;-42;-83;;25.680;40.680;66.360;;;;;;;;;
3/7/19;-14;21;7;;25.666;40.701;66.367;;;;;;;;;
3/8/19;-13;32;19;;25.653;40.733;66.386;;;;;;;;;
3/9/19;24;59;83;;25.677;40.792;66.469;;;;;;;;;
3/10/19;31;96;127;;25.708;40.888;66.596;;;;;;;;;
3/11/19;3;24;27;;25.711;40.912;66.623;;;;;;;;;
3/12/19;-9;29;20;;25.702;40.941;66.643;;;;;;;;;
3/13/19;-32;-7;-39;;25.670;40.934;66.604;;;;;;;;;
3/14/19;-2;9;7;;25.668;40.943;66.611;;;;;;;;;
3/15/19;0;27;27;;25.668;40.970;66.638;;;;;;;;;
3/16/19;16;74;90;;25.684;41.044;66.728;;;;;;;;;
3/17/19;29;98;127;;25.713;41.142;66.855;;;;;;;;;
3/18/19;-14;10;-4;;25.699;41.152;66.851;;;;;;;;;
3/19/19;14;-1;13;;25.713;41.151;66.864;;;;;;;;;
3/20/19;-47;8;-39;;25.666;41.159;66.825;;;;;;;;;
3/21/19;-10;11;1;;25.656;41.170;66.826;;;;;;;;;
3/22/19;-4;15;11;;25.652;41.185;66.837;;;;;;;;;
3/23/19;22;65;87;;25.674;41.250;66.924;;;;;;;;;
3/24/19;18;79;97;;25.692;41.329;67.021;;;;;;;;;
3/25/19;2;15;17;;25.694;41.344;67.038;;;;;;;;;
3/26/19;-2;1;-1;;25.692;41.345;67.037;;;;;;;;;
3/27/19;-26;-31;-57;;25.666;41.314;66.980;;;;;;;;;
3/28/19;9;7;16;;25.675;41.321;66.996;;;;;;;;;
3/29/19;0;8;8;;25.675;41.329;67.004;;;;;;;;;
3/30/19;27;69;96;;25.702;41.398;67.100;;;;;;;;;
3/31/19;2;39;41;;25.704;41.437;67.141;;;;;;;;;
4/1/19;13;11;24;;25.717;41.448;67.165;;;;;;;;;
4/2/19;-8;14;6;;25.709;41.462;67.171;;;;;;;;;
4/3/19;-26;-31;-57;;25.683;41.431;67.114;;;;;;;;;
4/4/19;-5;2;-3;;25.678;41.433;67.111;;;;;;;;;
4/5/19;3;-12;-9;;25.681;41.421;67.102;;;;;;;;;
4/6/19;-2;14;12;;25.679;41.435;67.114;;;;;;;;;
4/7/19;9;15;24;;25.688;41.450;67.138;;;;;;;;;
4/8/19;14;12;26;;25.702;41.462;67.164;;;;;;;;;
4/9/19;-28;-52;-80;;25.674;41.410;67.084;;;;;;;;;
4/10/19;-42;-62;-104;;25.632;41.348;66.980;;;;;;;;;
4/11/19;14;22;36;;25.646;41.370;67.016;;;;;;;;;
4/12/19;-22;-28;-50;;25.624;41.342;66.966;;;;;;;;;
4/13/19;13;47;60;;25.637;41.389;67.026;;;;;;;;;
4/14/19;17;88;105;;25.654;41.477;67.131;;;;;;;;;
4/15/19;-15;-6;-21;;25.639;41.471;67.110;;;;;;;;;
4/16/19;2;1;3;;25.641;41.472;67.113;;;;;;;;;
4/17/19;-3;-20;-23;;25.638;41.452;67.090;;;;;;;;;
4/18/19;-8;3;-5;;25.630;41.455;67.085;;;;;;;;;
4/19/19;-2;6;4;;25.628;41.461;67.089;;;;;;;;;
4/20/19;1;20;21;;25.629;41.481;67.110;;;;;;;;;
4/21/19;7;23;30;;25.636;41.504;67.140;;;;;;;;;
4/22/19;-34;-68;-102;;25.602;41.436;67.038;;;;;;;;;
4/23/19;-12;-35;-47;;25.590;41.401;66.991;;;;;;;;;
4/24/19;-5;-26;-31;;25.585;41.375;66.960;;;;;;;;;
4/25/19;-15;-20;-35;;25.570;41.355;66.925;;;;;;;;;
4/26/19;-19;7;-12;;25.551;41.362;66.913;;;;;;;;;
4/27/19;19;73;92;;25.570;41.435;67.005;;;;;;;;;
4/28/19;23;69;92;;25.593;41.504;67.097;;;;;;;;;
4/29/19;-31;-66;-97;;25.562;41.438;67.000;;;;;;;;;
4/30/19;-17;12;-5;;25.545;41.450;66.995;;;;;;;;;
5/1/19;14;94;108;;25.559;41.544;67.103;;;;;;;;;
5/2/19;7;80;87;;25.566;41.624;67.190;;;;;;;;;
5/3/19;0;-25;-25;;25.566;41.599;67.165;;;;;;;;;
5/4/19;14;75;89;;25.580;41.674;67.254;;;;;;;;;
5/5/19;13;58;71;;25.593;41.732;67.325;;;;;;;;;
5/6/19;-71;-111;-182;;25.522;41.621;67.143;;;;;;;;;
5/7/19;-7;-12;-19;;25.515;41.609;67.124;;;;;;;;;
5/8/19;1;-8;-7;;25.516;41.601;67.117;;;;;;;;;
5/9/19;-2;11;9;;25.514;41.612;67.126;;;;;;;;;
5/10/19;15;-6;9;;25.529;41.606;67.135;;;;;;;;;
5/11/19;24;82;106;;25.553;41.688;67.241;;;;;;;;;
5/12/19;26;55;81;;25.579;41.743;67.322;;;;;;;;;
5/13/19;-5;-38;-43;;25.574;41.705;67.279;;;;;;;;;
5/14/19;7;9;16;;25.581;41.714;67.295;;;;;;;;;
5/15/19;7;85;92;;25.588;41.799;67.387;;;;;;;;;
5/16/19;-34;-107;-141;;25.554;41.692;67.246;;;;;;;;;
5/17/19;-57;-82;-139;;25.497;41.610;67.107;;;;;;;;;
5/18/19;20;52;72;;25.517;41.662;67.179;;;;;;;;;
5/19/19;21;56;77;;25.538;41.718;67.256;;;;;;;;;
5/20/19;-1;-2;-3;;25.537;41.716;67.253;;;;;;;;;
5/21/19;-20;-1;-21;;25.517;41.715;67.232;;;;;;;;;
5/22/19;-2;-3;-5;;25.515;41.712;67.227;;;;;;;;;
5/23/19;-9;-10;-19;;25.506;41.702;67.208;;;;;;;;;
5/24/19;-69;-33;-102;;25.437;41.669;67.106;;;;;;;;;
5/25/19;11;46;57;;25.448;41.715;67.163;;;;;;;;;
5/26/19;15;45;60;;25.463;41.760;67.223;;;;;;;;;
5/27/19;-10;-2;-12;;25.453;41.758;67.211;;;;;;;;;
5/28/19;-42;-43;-85;;25.411;41.715;67.126;;;;;;;;;
5/29/19;-10;11;1;;25.401;41.726;67.127;;;;;;;;;
5/30/19;-40;-63;-103;;25.361;41.663;67.024;;;;;;;;;
5/31/19;-11;17;6;;25.350;41.680;67.030;;;;;;;;;
6/1/19;28;61;89;;25.378;41.741;67.119;;;;;;;;;
6/2/19;16;75;91;;25.394;41.816;67.210;;;;;;;;;
6/3/19;-9;23;14;;25.385;41.839;67.224;;;;;;;;;
6/4/19;4;9;13;;25.389;41.848;67.237;;;;;;;;;
6/5/19;-7;30;23;;25.382;41.878;67.260;;;;;;;;;
6/6/19;-35;-59;-94;;25.347;41.819;67.166;;;;;;;;;
6/7/19;18;29;47;;25.365;41.848;67.213;;;;;;;;;
6/8/19;14;24;38;;25.379;41.872;67.251;;;;;;;;;
6/9/19;7;38;45;;25.386;41.910;67.296;;;;;;;;;
6/10/19;-17;-8;-25;;25.369;41.902;67.271;;;;;;;;;
6/11/19;-17;9;-8;;25.352;41.911;67.263;;;;;;;;;
6/12/19;-22;-1;-23;;25.330;41.910;67.240;;;;;;;;;
6/13/19;-52;-55;-107;;25.278;41.855;67.133;;;;;;;;;
6/14/19;-35;2;-33;;25.243;41.857;67.100;;;;;;;;;
6/15/19;18;38;56;;25.261;41.895;67.156;;;;;;;;;
6/16/19;21;51;72;;25.282;41.946;67.228;;;;;;;;;
6/17/19;-7;-18;-25;;25.275;41.928;67.203;;;;;;;;;
6/18/19;-2;-22;-24;;25.273;41.906;67.179;;;;;;;;;
6/19/19;-18;-20;-38;;25.255;41.886;67.141;;;;;;;;;
6/20/19;-74;-105;-179;;25.181;41.781;66.962;;;;;;;;;
6/21/19;-10;5;-5;;25.171;41.786;66.957;;;;;;;;;
6/22/19;10;48;58;;25.181;41.834;67.015;;;;;;;;;
6/23/19;9;48;57;;25.190;41.882;67.072;;;;;;;;;
6/24/19;-9;-5;-14;;25.181;41.877;67.058;;;;;;;;;
6/25/19;0;4;4;;25.181;41.881;67.062;;;;;;;;;
6/26/19;-16;-33;-49;;25.165;41.848;67.013;;;;;;;;;
6/27/19;-37;-82;-119;;25.128;41.766;66.894;;;;;;;;;
6/28/19;-25;-1;-26;;25.103;41.765;66.868;;;;;;;;;
6/29/19;18;38;56;;25.121;41.803;66.924;;;;;;;;;
6/30/19;14;38;52;;25.135;41.841;66.976;;;;;;;;;
7/1/19;-9;-14;-23;;25.126;41.827;66.953;;;;;;;;;
7/2/19;-9;8;-1;;25.117;41.835;66.952;;;;;;;;;
7/3/19;-7;12;5;;25.110;41.847;66.957;;;;;;;;;
7/4/19;-43;-67;-110;;25.067;41.780;66.847;;;;;;;;;
7/5/19;-14;-5;-19;;25.053;41.775;66.828;;;;;;;;;
7/6/19;22;32;54;;25.075;41.807;66.882;;;;;;;;;
7/7/19;17;26;43;;25.092;41.833;66.925;;;;;;;;;
7/8/19;-18;-33;-51;;25.074;41.800;66.874;;;;;;;;;
7/9/19;-9;-23;-32;;25.065;41.777;66.842;;;;;;;;;
7/10/19;-6;-9;-15;;25.059;41.768;66.827;;;;;;;;;
7/11/19;-99;-117;-216;;24.960;41.651;66.611;;;;;;;;;
7/12/19;-33;-10;-43;;24.927;41.641;66.568;;;;;;;;;
7/13/19;16;13;29;;24.943;41.654;66.597;;;;;;;;;
7/14/19;3;26;29;;24.946;41.680;66.626;;;;;;;;;
7/15/19;-8;-14;-22;;24.938;41.666;66.604;;;;;;;;;
7/16/19;-12;0;-12;;24.926;41.666;66.592;;;;;;;;;
7/17/19;4;-25;-21;;24.930;41.641;66.571;;;;;;;;;
7/18/19;-50;-68;-118;;24.880;41.573;66.453;;;;;;;;;
7/19/19;-27;-14;-41;;24.853;41.559;66.412;;;;;;;;;
7/20/19;9;43;52;;24.862;41.602;66.464;;;;;;;;;
7/21/19;-6;31;25;;24.856;41.633;66.489;;;;;;;;;
7/22/19;-57;-52;-109;;24.799;41.581;66.380;;;;;;;;;
7/23/19;-18;-18;-36;;24.781;41.563;66.344;;;;;;;;;
7/24/19;-30;-26;-56;;24.751;41.537;66.288;;;;;;;;;
7/25/19;-73;-7;-80;;24.678;41.530;66.208;;;;;;;;;
7/26/19;-33;-95;-128;;24.645;41.435;66.080;;;;;;;;;
7/27/19;21;26;47;;24.666;41.461;66.127;;;;;;;;;
7/28/19;6;42;48;;24.672;41.503;66.175;;;;;;;;;
7/29/19;-10;-41;-51;;24.662;41.462;66.124;;;;;;;;;
7/30/19;-20;-11;-31;;24.642;41.451;66.093;;;;;;;;;
7/31/19;-16;-11;-27;;24.626;41.440;66.066;;;;;;;;;
8/1/19;-55;-63;-118;;24.571;41.377;65.948;;;;;;;;;
8/2/19;-8;-16;-24;;24.563;41.361;65.924;;;;;;;;;
8/3/19;8;43;51;;24.571;41.404;65.975;;;;;;;;;
8/4/19;20;20;40;;24.591;41.424;66.015;;;;;;;;;
8/5/19;-10;-5;-15;;24.581;41.419;66.000;;;;;;;;;
8/6/19;-17;7;-10;;24.564;41.426;65.990;;;;;;;;;
8/7/19;3;-2;1;;24.567;41.424;65.991;;;;;;;;;
8/8/19;-72;-91;-163;;24.495;41.333;65.828;;;;;;;;;
8/9/19;-24;-25;-49;;24.471;41.308;65.779;;;;;;;;;
8/10/19;-1;11;10;;24.470;41.319;65.789;;;;;;;;;
8/11/19;7;31;38;;24.477;41.350;65.827;;;;;;;;;
8/12/19;-1;-28;-29;;24.476;41.322;65.798;;;;;;;;;
8/13/19;-19;6;-13;;24.457;41.328;65.785;;;;;;;;;
8/14/19;-12;-17;-29;;24.445;41.311;65.756;;;;;;;;;
8/15/19;20;32;52;;24.465;41.343;65.808;;;;;;;;;
8/16/19;12;-5;7;;24.477;41.338;65.815;;;;;;;;;
8/17/19;6;39;45;;24.483;41.377;65.860;;;;;;;;;
8/18/19;11;19;30;;24.494;41.396;65.890;;;;;;;;;
8/19/19;-22;-36;-58;;24.472;41.360;65.832;;;;;;;;;
8/20/19;-62;-71;-133;;24.410;41.289;65.699;;;;;;;;;
8/21/19;-16;-11;-27;;24.394;41.278;65.672;;;;;;;;;
8/22/19;-6;4;-2;;24.388;41.282;65.670;;;;;;;;;
8/23/19;-43;-89;-132;;24.345;41.193;65.538;;;;;;;;;
8/24/19;23;47;70;;24.368;41.240;65.608;;;;;;;;;
8/25/19;5;29;34;;24.373;41.269;65.642;;;;;;;;;
8/26/19;-17;-15;-32;;24.356;41.254;65.610;;;;;;;;;
8/27/19;7;-33;-26;;24.363;41.221;65.584;;;;;;;;;
8/28/19;-24;-32;-56;;24.339;41.189;65.528;;;;;;;;;
8/29/19;-39;-60;-99;;24.300;41.129;65.429;;;;;;;;;
8/30/19;-24;13;-11;;24.276;41.142;65.418;;;;;;;;;
8/31/19;26;44;70;;24.302;41.186;65.488;;;;;;;;;
9/1/19;16;56;72;;24.318;41.242;65.560;;;;;;;;;
9/2/19;0;5;5;;24.318;41.247;65.565;;;;;;;;;
9/3/19;10;6;16;;24.328;41.253;65.581;;;;;;;;;
9/4/19;-20;1;-19;;24.308;41.254;65.562;;;;;;;;;
9/5/19;-41;-71;-112;;24.267;41.183;65.450;;;;;;;;;
9/6/19;-8;13;5;;24.259;41.196;65.455;;;;;;;;;
9/7/19;24;58;82;;24.283;41.254;65.537;;;;;;;;;
9/8/19;34;51;85;;24.317;41.305;65.622;;;;;;;;;
9/9/19;7;30;37;;24.324;41.335;65.659;;;;;;;;;
9/10/19;-2;-7;-9;;24.322;41.328;65.650;;;;;;;;;
9/11/19;-21;-14;-35;;24.301;41.314;65.615;;;;;;;;;
9/12/19;-99;-130;-229;;24.202;41.184;65.386;;;;;;;;;
9/13/19;-39;-32;-71;;24.163;41.152;65.315;;;;;;;;;
9/14/19;13;20;33;;24.176;41.172;65.348;;;;;;;;;
9/15/19;15;31;46;;24.191;41.203;65.394;;;;;;;;;
9/16/19;-17;-33;-50;;24.174;41.170;65.344;;;;;;;;;
9/17/19;-8;3;-5;;24.166;41.173;65.339;;;;;;;;;
9/18/19;-33;-2;-35;;24.133;41.171;65.304;;;;;;;;;
9/19/19;-83;-111;-194;;24.050;41.060;65.110;;;;;;;;;
9/20/19;-15;-12;-27;;24.035;41.048;65.083;;;;;;;;;
9/21/19;22;14;36;;24.057;41.062;65.119;;;;;;;;;
9/22/19;16;61;77;;24.073;41.123;65.196;;;;;;;;;
9/23/19;-15;-33;-48;;24.058;41.090;65.148;;;;;;;;;
9/24/19;-26;-48;-74;;24.032;41.042;65.074;;;;;;;;;
9/25/19;-11;-11;-22;;24.021;41.031;65.052;;;;;;;;;
9/26/19;-108;-615;-723;;23.913;40.416;64.329;;;;;;;;;
9/27/19;-16;17;1;;23.897;40.433;64.330;;;;;;;;;
9/28/19;45;55;100;;23.942;40.488;64.430;;;;;;;;;
9/29/19;36;68;104;;23.978;40.556;64.534;;;;;;;;;
9/30/19;-7;-15;-22;;23.971;40.541;64.512;;;;;;;;;
10/1/19;-28;-11;-39;;23.943;40.530;64.473;;;;;;;;;
10/2/19;-36;-32;-68;;23.907;40.498;64.405;;;;;;;;;
10/3/19;-80;-137;-217;;23.827;40.361;64.188;;;;;;;;;
10/4/19;-15;-5;-20;;23.812;40.356;64.168;;;;;;;;;
10/5/19;38;38;76;;23.850;40.394;64.244;;;;;;;;;
10/6/19;42;69;111;;23.892;40.463;64.355;;;;;;;;;
10/7/19;18;-10;8;;23.910;40.453;64.363;;;;;;;;;
10/8/19;-9;-48;-57;;23.901;40.405;64.306;;;;;;;;;
10/9/19;-25;4;-21;;23.876;40.409;64.285;;;;;;;;;
10/10/19;-71;-94;-165;;23.805;40.315;64.120;;;;;;;;;
10/11/19;-8;0;-8;;23.797;40.315;64.112;;;;;;;;;
10/12/19;19;60;79;;23.816;40.375;64.191;;;;;;;;;
10/13/19;30;41;71;;23.846;40.416;64.262;;;;;;;;;
10/14/19;-24;-60;-84;;23.822;40.356;64.178;;;;;;;;;
10/15/19;-30;-45;-75;;23.792;40.311;64.103;;;;;;;;;
10/16/19;-26;-7;-33;;23.766;40.304;64.070;;;;;;;;;
10/17/19;-75;-118;-193;;23.691;40.186;63.877;;;;;;;;;
10/18/19;-14;-26;-40;;23.677;40.160;63.837;;;;;;;;;
10/19/19;23;19;42;;23.700;40.179;63.879;;;;;;;;;
10/20/19;17;18;35;;23.717;40.197;63.914;;;;;;;;;
10/21/19;-11;-15;-26;;23.706;40.182;63.888;;;;;;;;;
10/22/19;-18;-31;-49;;23.688;40.151;63.839;;;;;;;;;
10/23/19;-22;-33;-55;;23.666;40.118;63.784;;;;;;;;;
10/24/19;-61;-134;-195;;23.605;39.984;63.589;;;;;;;;;
10/25/19;-7;-2;-9;;23.598;39.982;63.580;;;;;;;;;
10/26/19;8;28;36;;23.606;40.010;63.616;;;;;;;;;
10/27/19;30;18;48;;23.636;40.028;63.664;;;;;;;;;
10/28/19;-9;-7;-16;;23.627;40.021;63.648;;;;;;;;;
10/29/19;-2;-23;-25;;23.625;39.998;63.623;;;;;;;;;
10/30/19;-9;-4;-13;;23.616;39.994;63.610;;;;;;;;;
10/31/19;-47;-37;-84;;23.569;39.957;63.526;;;;;;;;;
